Nível Profissional;Experiência em Anos;Escolaridade;Avaliação de Desempenho;Certificações Profissionais;Salário
Pleno;4;técnico;7;4;9040.26
Pleno;3;graduação;6;4;8545.89
Sênior;19;pós-graduação;6;4;18213.85
Pleno;8;pós-graduação;10;3;11912.51
Júnior;3;graduação;7;4;6359.91
Sênior;25;pós-graduação;7;3;20825.36
Pleno;6;graduação;7;6;10536.16
Pleno;9;graduação;10;1;10665.18
Júnior;3;pós-graduação;9;1;7500.8
Pleno;5;graduação;6;1;9432.61
Júnior;4;doutorado;7;5;10716.11
Sênior;8;pós-graduação;7;4;16177.59
Pleno;7;técnico;7;2;8166.31
Sênior;24;graduação;6;4;18299.7
Pleno;8;técnico;8;3;9023.15
Júnior;4;pós-graduação;9;1;7379.95
Pleno;3;graduação;5;3;8513.86
Júnior;2;graduação;5;0;3309.83
Sênior;22;mestrado;6;5;20447.2
Pleno;8;pós-graduação;6;3;10870.3
Pleno;10;mestrado;10;5;13370.22
Júnior;2;mestrado;9;4;8803.73
Sênior;20;mestrado;8;5;20684.8
Sênior;15;mestrado;7;6;19043.61
Pleno;9;pós-graduação;7;1;10887.24
Júnior;0;graduação;5;3;4674.6
Pleno;5;pós-graduação;8;2;9756.03
Júnior;0;técnico;8;0;3730.17
Júnior;3;pós-graduação;9;1;7277.37
Pleno;4;mestrado;7;6;11266.54
Pleno;5;técnico;7;3;7289.57
Sênior;23;mestrado;7;8;20874.4
Júnior;1;mestrado;8;0;6857.36
Júnior;0;técnico;5;3;2677.11
Pleno;3;graduação;8;2;8606.59
Júnior;1;pós-graduação;7;2;7215.46
Júnior;4;mestrado;5;2;6434.98
Pleno;7;técnico;4;4;8052.18
Júnior;4;graduação;7;2;7292.61
Pleno;4;pós-graduação;9;2;10685.69
Pleno;5;graduação;10;5;10292.59
Sênior;10;pós-graduação;8;8;17690.18
Pleno;6;técnico;10;2;9700.55
Júnior;2;técnico;7;0;5287.04
Sênior;22;pós-graduação;8;6;20028.4
Sênior;14;mestrado;6;4;18069.67
Júnior;3;graduação;6;1;4084.83
Júnior;3;pós-graduação;6;3;6522.17
Pleno;5;graduação;4;2;7166.02
Júnior;4;técnico;9;1;5075.35
Júnior;2;técnico;6;1;3363.92
Júnior;0;técnico;6;4;4851.89
Pleno;10;graduação;5;3;9544.12
Pleno;10;graduação;7;1;10377.85
Pleno;3;técnico;10;1;7327.14
Pleno;10;graduação;10;3;11492.05
Pleno;10;pós-graduação;5;1;9657.79
Pleno;9;pós-graduação;6;0;10052.05
Júnior;1;mestrado;5;3;8397.84
Júnior;3;pós-graduação;8;3;7702.52
Pleno;7;pós-graduação;7;2;10460.11
Pleno;7;técnico;6;4;11089.26
Pleno;7;pós-graduação;7;3;10109.38
Pleno;8;técnico;6;4;9915.65
Pleno;7;graduação;9;4;9477.13
Pleno;8;graduação;8;0;9529.25
Pleno;7;graduação;8;3;9106.55
Júnior;0;técnico;3;2;2980.09
Júnior;0;graduação;7;1;4639.18
Pleno;10;pós-graduação;10;3;12184.63
Júnior;4;pós-graduação;9;3;8364.44
Pleno;7;pós-graduação;4;3;9453.03
Sênior;11;pós-graduação;7;8;17978.8
Júnior;3;técnico;5;4;5124.39
Júnior;0;graduação;10;1;4461.75
Júnior;1;graduação;7;1;4326.11
Júnior;1;técnico;6;0;3587.7
Pleno;3;graduação;7;2;8991.11
Pleno;9;mestrado;3;1;11844.87
Pleno;7;pós-graduação;5;3;9998.88
Pleno;5;graduação;7;3;9028.47
Pleno;7;pós-graduação;8;4;10639.18
Sênior;8;pós-graduação;4;8;16330.99
Júnior;2;graduação;6;1;4592.02
Júnior;2;técnico;9;6;5708.18
Júnior;1;graduação;5;2;4384.28
Pleno;9;pós-graduação;7;1;11236.14
Pleno;4;técnico;7;2;7605.39
Júnior;0;pós-graduação;10;1;5959.49
Pleno;7;graduação;7;4;10252.21
Júnior;4;graduação;7;0;3281.99
Pleno;6;pós-graduação;8;2;10177.43
Pleno;3;pós-graduação;5;3;8344.08
Júnior;4;graduação;7;1;6442.28
Júnior;2;mestrado;6;3;7091.35
Pleno;4;graduação;7;4;8807.5
Júnior;3;graduação;8;4;6215.96
Júnior;1;graduação;8;1;4733.24
Júnior;4;técnico;6;4;4818.15
Sênior;13;graduação;7;3;16317.98
Sênior;17;pós-graduação;9;3;18554.57
Pleno;7;graduação;6;1;8749.55
Júnior;1;graduação;7;2;4342.89
Sênior;16;pós-graduação;7;7;17992.35
Pleno;3;pós-graduação;7;2;9592.45
Pleno;8;graduação;5;2;9414.62
Pleno;9;pós-graduação;9;3;10850.29
Júnior;4;graduação;6;3;6231.96
Júnior;1;graduação;9;1;5984.83
Sênior;13;graduação;6;4;16832.28
Pleno;7;graduação;6;1;9259.92
Júnior;3;técnico;9;0;5395.96
Júnior;4;graduação;8;4;8029.52
Pleno;3;graduação;7;3;8538.93
Júnior;1;mestrado;8;0;6418.02
Sênior;12;pós-graduação;7;7;16726.16
Pleno;5;pós-graduação;7;2;11278.97
Pleno;6;graduação;6;6;11038.15
Pleno;9;pós-graduação;8;6;11502.78
Pleno;3;graduação;6;3;7940.88
Pleno;9;graduação;9;0;10023.21
Pleno;7;graduação;7;7;11406.98
Júnior;3;técnico;7;2;3848.89
Pleno;8;técnico;8;2;7923.37
Júnior;0;doutorado;7;3;10217.26
Pleno;8;graduação;7;4;10418.66
Júnior;1;técnico;7;4;4968.09
Júnior;2;mestrado;8;0;7256.43
Júnior;3;técnico;6;2;4776.05
Pleno;7;graduação;7;1;8290.06
Júnior;1;graduação;7;3;4661.36
Sênior;15;doutorado;8;5;21223.61
Pleno;6;pós-graduação;7;4;9110.38
Júnior;0;graduação;10;1;5288.24
Pleno;8;doutorado;7;3;13445.08
Júnior;0;técnico;7;0;3388.12
Sênior;16;doutorado;7;6;20914.24
Pleno;8;pós-graduação;5;6;10302.88
Pleno;3;mestrado;5;2;8874.58
Júnior;4;técnico;6;2;4801.32
Pleno;6;técnico;9;4;9289.91
Pleno;3;pós-graduação;7;3;8787.3
Sênior;19;pós-graduação;6;2;18293.77
Pleno;7;graduação;9;1;9743.53
Pleno;8;mestrado;9;2;12277.28
Júnior;3;graduação;9;0;4240.17
Júnior;2;graduação;6;4;5877.94
Pleno;9;graduação;6;4;9286.86
Pleno;5;técnico;10;3;9394.29
Júnior;2;técnico;7;0;3534.21
Sênior;10;graduação;7;2;15027.89
Sênior;19;mestrado;8;5;21456.6
Júnior;1;graduação;9;5;6622.13
Pleno;8;graduação;6;2;10291.03
Júnior;4;graduação;7;3;6231.27
Pleno;9;pós-graduação;8;2;11627.3
Júnior;4;pós-graduação;5;2;4953.2
Pleno;3;mestrado;7;5;11127.73
Pleno;4;graduação;5;2;8042.56
Pleno;10;pós-graduação;6;2;11856.57
Júnior;1;graduação;6;4;4795.64
Sênior;8;pós-graduação;8;5;16885.4
Júnior;1;pós-graduação;7;3;6408.03
Júnior;4;graduação;6;0;5910.37
Pleno;5;graduação;7;6;9756.38
Júnior;0;graduação;5;2;4779.45
Sênior;20;pós-graduação;8;6;18706.59
Sênior;11;pós-graduação;9;5;16620.19
Júnior;1;graduação;7;1;3251.66
Sênior;8;pós-graduação;7;5;16950.19
Júnior;3;técnico;8;1;5321.57
Pleno;6;mestrado;4;5;11827.78
Júnior;4;graduação;8;1;5425.85
Sênior;14;doutorado;10;2;20505.52
Júnior;1;técnico;7;0;3765.27
Júnior;0;graduação;7;0;5410.59
Pleno;4;graduação;8;4;10685.68
Sênior;16;mestrado;9;3;20355.67
Sênior;9;graduação;8;6;16381.71
Pleno;6;mestrado;4;3;11734.77
Sênior;23;pós-graduação;8;5;20270.91
Sênior;21;pós-graduação;10;6;20476.34
Pleno;8;graduação;8;3;10209.68
Júnior;4;técnico;5;0;3314.9
Pleno;9;graduação;7;2;9927.49
Pleno;8;graduação;5;4;8817.81
Júnior;4;graduação;9;4;7517.51
Júnior;0;graduação;6;5;5480.58
Pleno;9;graduação;7;1;10850.69
Júnior;1;técnico;6;1;2609.5
Sênior;21;graduação;6;2;19081.19
Júnior;4;técnico;9;4;4899.27
Júnior;2;técnico;7;3;3861.18
Sênior;9;pós-graduação;6;6;16115.42
Júnior;1;técnico;5;2;4565.4
Júnior;2;pós-graduação;4;4;5957.9
Pleno;10;graduação;5;5;10129.32
Sênior;24;graduação;7;7;19245.16
Júnior;2;pós-graduação;8;2;5636.85
Júnior;4;técnico;6;1;5292.84
Pleno;6;graduação;9;4;10859.05
Sênior;15;doutorado;6;6;21696.72
Pleno;9;mestrado;7;3;12727.77
Júnior;3;graduação;5;1;2900.53
Júnior;2;técnico;8;4;4328.79
Júnior;2;graduação;10;4;6925.41
Júnior;3;doutorado;4;0;7691.2
Pleno;9;mestrado;6;3;11758.81
Júnior;2;técnico;9;2;4327.74
Pleno;3;graduação;5;4;9013.31
Pleno;3;graduação;8;2;9169.33
Pleno;4;técnico;9;6;9750.83
Júnior;2;graduação;7;2;4856.48
Sênior;19;graduação;8;6;18773.4
Pleno;9;graduação;10;6;10813.56
Pleno;4;técnico;10;2;8809.12
Júnior;3;graduação;7;1;3580.45
Júnior;3;técnico;6;0;2952.32
Sênior;8;pós-graduação;6;5;15874.38
Júnior;1;técnico;8;0;5812.58
Júnior;1;mestrado;5;3;5589.48
Pleno;10;técnico;7;4;9029.49
Pleno;10;graduação;7;3;10651.74
Sênior;22;graduação;6;5;19838.6
Júnior;2;técnico;7;3;4841.52
Sênior;16;graduação;10;3;18391.5
Júnior;1;técnico;7;2;4013.68
Pleno;9;técnico;6;4;8992.56
Pleno;3;graduação;9;0;8807.53
Júnior;1;graduação;7;3;4789.2
Júnior;0;técnico;9;0;4706.99
Pleno;6;graduação;7;3;8375.61
Sênior;13;pós-graduação;7;3;17872.99
Pleno;4;graduação;4;6;8727.52
Sênior;14;pós-graduação;5;3;16749.7
Sênior;23;graduação;4;2;16499.91
Pleno;7;graduação;8;3;9364.15
Pleno;9;graduação;5;2;10289.06
Júnior;4;doutorado;9;0;9553.98
Júnior;4;doutorado;7;2;9694.88
Sênior;14;doutorado;7;1;19184.33
Pleno;10;graduação;6;1;9779.66
Júnior;4;técnico;8;0;3939.49
Pleno;10;graduação;6;4;10469.92
Pleno;5;graduação;6;5;9609.45
Sênior;12;técnico;9;7;16824.43
Pleno;7;técnico;8;3;8617.49
Pleno;10;graduação;7;0;9660.56
Júnior;4;graduação;8;2;6476.04
Pleno;7;graduação;7;6;10201.99
Pleno;4;pós-graduação;8;5;10498.89
Sênior;15;pós-graduação;6;6;19382.43
Pleno;8;mestrado;10;1;12034.31
Júnior;2;técnico;6;1;4756.29
Júnior;1;graduação;9;5;5441.72
Pleno;5;graduação;7;0;9108.35
Sênior;9;pós-graduação;8;3;17045.71
Júnior;1;técnico;8;3;4392.74
Júnior;3;técnico;9;1;4297.77
Pleno;4;pós-graduação;6;1;7920.7
Júnior;4;técnico;9;4;5569.42
Sênior;9;graduação;10;6;17118.35
Júnior;2;pós-graduação;7;1;5345.66
Júnior;2;técnico;7;0;4167.86
Sênior;22;pós-graduação;6;9;19366.5
Júnior;4;graduação;6;1;5136.28
Júnior;2;técnico;10;4;4997.07
Júnior;3;graduação;5;3;5095.41
Júnior;3;técnico;6;1;3899.24
Júnior;2;graduação;9;1;4866.74
Júnior;0;técnico;8;4;4238.79
Júnior;2;técnico;10;4;5146.09
Júnior;1;graduação;6;0;3430.25
Pleno;6;mestrado;7;4;12657.92
Pleno;7;pós-graduação;6;3;10197.88
Júnior;1;mestrado;7;0;5308.44
Júnior;1;graduação;4;2;3713.7
Pleno;9;pós-graduação;8;1;11790.3
Sênior;14;pós-graduação;7;4;17167.05
Sênior;11;doutorado;7;4;20698.42
Júnior;3;graduação;6;1;4450.34
Júnior;3;graduação;6;1;5402.39
Júnior;4;graduação;8;0;6425.65
Júnior;3;graduação;5;4;5665.14
Pleno;10;técnico;8;4;9237.85
Pleno;7;graduação;10;6;10590.27
Júnior;1;graduação;9;1;6269.05
Júnior;4;pós-graduação;5;1;5436.77
Pleno;5;graduação;6;6;10232.97
Júnior;1;pós-graduação;8;0;5648.8
Sênior;22;pós-graduação;7;5;19999.01
Júnior;4;pós-graduação;5;3;5429.72
Sênior;14;graduação;8;3;16374.21
Júnior;3;pós-graduação;7;3;6137.29
Sênior;24;pós-graduação;10;6;21657.92
Sênior;22;graduação;7;7;19365.24
Sênior;8;graduação;9;7;16723.85
Sênior;19;graduação;5;7;17606.63
Pleno;4;graduação;5;3;7748.84
Pleno;9;pós-graduação;8;1;11277.91
Pleno;3;mestrado;9;7;11629.29
Júnior;4;graduação;6;0;5854.9
Pleno;4;graduação;7;0;8319.83
Pleno;6;graduação;5;4;8871.71
Sênior;12;mestrado;7;8;19523.52
Pleno;9;pós-graduação;8;3;11496.54
Júnior;1;técnico;6;3;2989.36
Pleno;8;mestrado;7;0;10857.0
Júnior;0;graduação;5;1;4740.4
Júnior;2;pós-graduação;6;0;5658.72
Pleno;10;mestrado;10;4;12622.9
Pleno;10;pós-graduação;7;0;11146.48
Júnior;1;técnico;5;0;2858.52
Júnior;1;graduação;7;2;4437.85
Júnior;2;técnico;5;3;3298.59
Júnior;2;pós-graduação;5;1;6199.95
Júnior;2;técnico;9;3;3924.15
Pleno;3;pós-graduação;7;4;9363.73
Júnior;3;pós-graduação;10;1;7334.09
Sênior;12;graduação;7;3;17104.85
Sênior;13;pós-graduação;7;6;18237.7
Pleno;9;pós-graduação;8;4;11157.78
Júnior;3;graduação;3;3;5620.55
Pleno;6;graduação;7;4;8751.41
Sênior;24;técnico;7;3;18385.74
Pleno;6;graduação;9;4;10641.45
Sênior;18;pós-graduação;8;5;18583.22
Pleno;4;pós-graduação;5;2;9688.32
Pleno;4;graduação;9;2;9040.28
Júnior;2;graduação;7;0;5386.6
Pleno;7;graduação;6;5;8562.28
Júnior;4;técnico;7;0;4834.48
Pleno;6;pós-graduação;7;1;9811.53
Sênior;24;pós-graduação;9;4;21604.79
Júnior;3;graduação;8;4;6219.21
Pleno;3;mestrado;7;5;12224.46
Júnior;3;graduação;8;0;5805.33
Pleno;7;pós-graduação;9;5;11660.74
Júnior;1;técnico;8;4;5501.37
Sênior;16;graduação;9;3;18155.84
Júnior;1;técnico;8;0;4480.34
Sênior;19;mestrado;7;5;18745.39
Sênior;18;mestrado;9;7;20412.21
Pleno;6;graduação;7;6;11068.87
Pleno;5;graduação;7;1;7970.84
Pleno;6;graduação;10;6;11617.72
Sênior;16;pós-graduação;9;1;18694.52
Júnior;2;graduação;7;1;4591.97
Pleno;5;pós-graduação;6;2;8353.34
Júnior;2;pós-graduação;9;4;6901.76
Pleno;4;graduação;8;5;11154.61
Júnior;2;graduação;7;3;4895.71
Pleno;3;pós-graduação;7;1;8794.02
Pleno;6;graduação;7;5;9201.69
Pleno;9;mestrado;7;4;13500.35
Pleno;9;técnico;6;0;8379.96
Pleno;8;pós-graduação;7;0;9961.87
Pleno;8;pós-graduação;7;5;12389.43
Pleno;3;mestrado;6;3;11055.65
Pleno;5;graduação;8;1;8506.5
Sênior;19;pós-graduação;9;5;18893.49
Júnior;4;pós-graduação;8;2;7910.72
Júnior;2;pós-graduação;7;1;6111.75
Júnior;4;graduação;8;0;4615.66
Pleno;5;pós-graduação;7;6;9601.82
Pleno;4;graduação;5;5;8018.77
Pleno;3;pós-graduação;8;2;8982.36
Pleno;7;mestrado;7;2;10317.75
Júnior;3;graduação;10;2;5680.35
Sênior;13;pós-graduação;9;3;17206.64
Pleno;9;mestrado;8;4;12626.12
Júnior;3;pós-graduação;7;0;7335.04
Júnior;1;pós-graduação;7;1;5663.21
Júnior;1;graduação;5;0;3932.7
Júnior;3;doutorado;4;0;8306.48
Júnior;3;técnico;6;4;4683.88
Sênior;11;pós-graduação;7;5;17430.11
Pleno;5;graduação;4;3;8546.43
Júnior;2;pós-graduação;6;0;5685.81
Pleno;7;mestrado;7;2;13686.53
Pleno;4;pós-graduação;7;4;10837.79
Sênior;25;pós-graduação;6;5;19592.79
Pleno;6;graduação;6;0;8859.16
Pleno;6;graduação;10;3;9845.78
Júnior;0;graduação;8;2;5412.38
Sênior;23;técnico;6;7;17487.37
Pleno;4;graduação;7;2;8024.55
Sênior;25;mestrado;7;1;21290.74
Júnior;2;graduação;6;0;5298.37
Sênior;23;mestrado;6;3;21001.85
Pleno;4;graduação;9;4;10397.88
Júnior;0;graduação;6;0;4361.67
Pleno;9;técnico;5;2;8770.75
Pleno;9;graduação;7;6;10497.41
Júnior;2;graduação;7;2;5869.1
Pleno;3;graduação;4;5;8967.42
Sênior;24;técnico;7;2;17955.82
Júnior;1;graduação;8;0;4868.15
Pleno;10;graduação;8;6;12513.98
Pleno;9;graduação;10;3;11135.7
Júnior;4;técnico;9;2;5652.98
Sênior;20;pós-graduação;9;3;19938.96
Pleno;8;graduação;10;3;10831.54
Júnior;2;graduação;8;0;4625.76
Sênior;8;pós-graduação;7;7;17064.58
Sênior;14;técnico;8;10;17372.87
Júnior;3;pós-graduação;6;2;7539.57
Sênior;22;graduação;7;4;19251.91
Júnior;2;graduação;6;0;4183.16
Sênior;20;graduação;8;2;18610.34
Pleno;3;graduação;6;6;9265.51
Pleno;6;graduação;6;1;9716.6
Júnior;2;pós-graduação;8;1;6032.88
Sênior;24;pós-graduação;7;6;20732.07
Júnior;1;graduação;4;4;4480.63
Júnior;1;técnico;5;1;3490.94
Júnior;1;técnico;5;1;2830.36
Pleno;4;graduação;6;3;9103.14
Júnior;2;graduação;8;0;5492.57
Sênior;19;pós-graduação;7;4;19849.66
Pleno;9;mestrado;9;4;13242.98
Júnior;4;graduação;8;2;5811.71
Júnior;0;doutorado;9;5;10252.51
Júnior;1;técnico;8;2;3994.06
Pleno;5;pós-graduação;7;5;11409.49
Sênior;12;pós-graduação;9;3;18357.99
Júnior;4;graduação;8;2;6980.1
Sênior;10;doutorado;8;4;19963.64
Júnior;0;graduação;9;2;5059.45
Sênior;23;mestrado;3;6;20426.43
Sênior;25;mestrado;7;5;22116.05
Pleno;4;técnico;7;7;8607.9
Pleno;5;pós-graduação;9;6;12383.18
Sênior;17;pós-graduação;9;7;20056.06
Júnior;2;pós-graduação;5;3;5275.44
Júnior;4;pós-graduação;9;5;9318.01
Júnior;2;técnico;5;0;3568.17
Pleno;3;técnico;5;5;6984.13
Pleno;6;técnico;7;1;7718.82
Pleno;7;graduação;7;2;10591.45
Sênior;17;graduação;5;6;18527.49
Júnior;2;graduação;8;4;6706.64
Pleno;10;pós-graduação;8;1;12323.52
Júnior;4;pós-graduação;9;1;8051.63
Júnior;1;técnico;6;2;4339.84
Pleno;5;graduação;7;3;9480.33
Sênior;20;graduação;7;7;19177.9
Pleno;6;mestrado;10;9;14315.21
Júnior;2;técnico;3;2;2780.88
Pleno;4;técnico;6;2;8212.37
Júnior;1;técnico;7;0;4871.03
Sênior;21;mestrado;5;4;19905.54
Pleno;9;técnico;7;1;8830.73
Júnior;3;graduação;7;2;5883.58
Júnior;1;graduação;6;2;4295.24
Júnior;0;pós-graduação;7;1;4678.23
Sênior;10;graduação;8;9;17803.4
Pleno;6;técnico;7;2;8184.33
Pleno;7;graduação;6;3;9462.91
Pleno;10;graduação;7;4;10272.91
Pleno;10;pós-graduação;7;5;12793.73
Júnior;0;graduação;4;4;4897.22
Sênior;20;pós-graduação;8;6;19731.48
Júnior;1;técnico;6;3;3324.07
Pleno;4;pós-graduação;9;2;10157.15
Pleno;7;graduação;8;5;10849.11
Pleno;3;pós-graduação;9;5;10882.04
Sênior;14;graduação;5;8;16976.37
Júnior;2;mestrado;6;0;6948.19
Pleno;5;pós-graduação;5;1;9781.16
Pleno;7;graduação;6;4;9620.7
Pleno;6;técnico;9;0;9015.01
Júnior;3;graduação;9;2;5459.16
Júnior;0;técnico;5;3;5387.7
Júnior;0;técnico;6;0;3101.3
Júnior;2;pós-graduação;7;1;6242.52
Pleno;5;pós-graduação;8;1;10546.53
Pleno;8;graduação;4;2;8612.45
Pleno;3;pós-graduação;5;2;8955.48
Pleno;7;graduação;8;2;9846.97
Pleno;10;doutorado;4;2;12460.17
Júnior;0;técnico;6;1;3807.01
Pleno;5;pós-graduação;7;2;8895.54
Júnior;4;pós-graduação;8;5;8926.9
Júnior;2;técnico;7;1;4855.08
Pleno;4;graduação;6;4;9347.39
Pleno;4;graduação;8;2;7884.35
Júnior;3;pós-graduação;7;0;5595.23
Pleno;9;graduação;6;0;10322.54
Pleno;5;pós-graduação;7;0;12555.87
Pleno;6;pós-graduação;8;1;11236.28
Pleno;9;pós-graduação;10;3;12875.86
Pleno;4;graduação;8;5;10067.48
Júnior;1;graduação;9;0;4656.75
Pleno;9;pós-graduação;6;2;11446.62
Pleno;4;graduação;6;1;7529.15
Pleno;9;mestrado;7;3;11602.59
Pleno;6;técnico;7;5;8208.53
Júnior;4;técnico;5;1;4883.01
Pleno;3;pós-graduação;9;3;10309.81
Pleno;10;graduação;8;6;11470.6
Sênior;12;graduação;7;6;16589.22
Sênior;8;graduação;8;4;14712.0
Pleno;8;graduação;7;3;9530.49
Pleno;7;pós-graduação;8;2;10415.7
Pleno;9;técnico;5;4;8066.31
Júnior;0;técnico;7;2;3647.05
Sênior;9;pós-graduação;7;3;15493.09
Pleno;7;mestrado;8;3;12654.37
Júnior;4;técnico;6;1;4962.68
Júnior;2;mestrado;3;2;5394.45
Sênior;22;mestrado;5;6;20492.36
Júnior;4;técnico;7;2;6299.24
Júnior;4;pós-graduação;7;1;5913.47
Júnior;2;graduação;10;3;6698.65
Júnior;3;graduação;8;0;5523.87
Júnior;2;graduação;7;0;5665.02
Pleno;8;pós-graduação;7;0;10606.83
Júnior;2;pós-graduação;9;1;6398.09
Sênior;17;mestrado;6;4;19396.73
Sênior;15;doutorado;7;6;21106.96
Júnior;3;graduação;5;0;4485.81
Júnior;3;pós-graduação;9;0;5826.62
Pleno;10;mestrado;8;4;14070.16
Júnior;3;técnico;6;0;4796.5
Júnior;0;técnico;7;2;3269.07
Sênior;18;pós-graduação;8;4;18789.49
Sênior;13;mestrado;7;5;18692.44
Pleno;3;graduação;6;4;7840.44
Júnior;0;graduação;6;3;3393.24
Pleno;7;técnico;8;3;8780.59
Pleno;10;graduação;6;2;9750.52
Júnior;2;graduação;6;1;3791.14
Pleno;6;técnico;5;4;8423.88
Júnior;0;pós-graduação;7;0;6214.0
Júnior;3;técnico;7;1;5139.48
Pleno;3;mestrado;7;2;10661.32
Júnior;4;técnico;7;1;3511.71
Júnior;4;doutorado;8;0;9900.99
Sênior;25;pós-graduação;8;2;20452.47
Sênior;13;graduação;8;6;17447.05
Pleno;4;técnico;7;5;9955.27
Sênior;13;graduação;6;2;15172.63
Sênior;22;pós-graduação;5;6;17487.63
Júnior;1;pós-graduação;6;3;5212.58
Pleno;10;graduação;7;4;11040.23
Júnior;0;graduação;6;1;4318.85
Júnior;0;graduação;7;0;3549.05
Pleno;4;graduação;6;3;7706.2
Pleno;9;pós-graduação;5;3;10401.77
Pleno;7;graduação;8;3;9177.73
Júnior;1;graduação;6;1;4914.44
Júnior;3;doutorado;6;0;8262.0
Sênior;19;pós-graduação;5;6;18311.02
Júnior;2;técnico;8;2;4269.21
Júnior;2;técnico;9;2;5284.19
Júnior;0;graduação;6;2;4529.83
Pleno;5;graduação;7;6;9991.37
Pleno;7;mestrado;9;2;12476.09
Pleno;4;pós-graduação;4;5;9449.46
Júnior;2;graduação;10;0;5076.81
Júnior;0;pós-graduação;10;3;6388.73
Sênior;22;graduação;3;7;17823.73
Pleno;3;pós-graduação;7;2;10995.64
Pleno;3;técnico;6;6;7305.81
Pleno;8;pós-graduação;7;4;10906.72
Pleno;4;mestrado;6;1;10568.79
Júnior;1;pós-graduação;8;1;5937.67
Júnior;1;pós-graduação;7;4;7201.78
Pleno;4;graduação;6;5;8884.05
Júnior;3;pós-graduação;7;0;5985.82
Sênior;20;pós-graduação;8;5;20270.24
Pleno;4;pós-graduação;5;3;10667.5
Pleno;8;técnico;5;2;9385.25
Sênior;20;graduação;10;9;20004.34
Pleno;7;pós-graduação;6;3;10415.34
Sênior;18;graduação;7;5;17932.7
Pleno;10;pós-graduação;6;5;11702.9
Sênior;16;mestrado;8;4;19106.86
Júnior;1;pós-graduação;10;3;7805.62
Pleno;7;técnico;8;0;8794.63
Pleno;9;mestrado;5;2;11618.6
Júnior;3;técnico;5;3;3460.2
Júnior;0;graduação;6;4;4943.6
Sênior;16;mestrado;7;4;18074.75
Pleno;8;técnico;4;1;7492.85
Júnior;1;técnico;8;3;4355.83
Júnior;4;técnico;5;0;4200.9
Júnior;4;graduação;9;1;7515.9
Júnior;4;pós-graduação;10;3;8300.34
Sênior;9;graduação;7;4;16463.88
Pleno;7;técnico;8;0;9101.65
Júnior;2;graduação;5;0;5087.54
Pleno;8;graduação;8;3;11599.99
Júnior;4;graduação;6;0;4587.71
Júnior;1;mestrado;5;1;5892.03
Pleno;7;pós-graduação;7;0;10618.17
Pleno;8;mestrado;6;6;12497.43
Sênior;21;pós-graduação;7;9;20604.25
Pleno;9;pós-graduação;8;1;10975.93
Pleno;5;graduação;6;3;8532.62
Pleno;10;técnico;10;1;11334.54
Sênior;8;mestrado;5;4;16030.1
Pleno;6;técnico;9;6;10380.47
Sênior;18;mestrado;5;4;19666.96
Pleno;3;pós-graduação;7;2;8444.69
Sênior;16;doutorado;6;3;19818.45
Júnior;2;graduação;6;4;4936.12
Pleno;7;graduação;8;0;9845.21
Pleno;3;pós-graduação;9;2;9893.08
Pleno;5;graduação;9;3;9790.09
Pleno;4;graduação;6;2;7479.65
Sênior;19;mestrado;7;7;22378.14
Sênior;13;doutorado;6;7;20499.84
Júnior;2;graduação;6;0;4949.3
Pleno;8;técnico;5;7;9021.56
Pleno;9;graduação;6;0;8893.16
Júnior;0;graduação;7;4;6538.88
Júnior;4;técnico;4;2;2758.29
Júnior;0;graduação;7;1;4795.05
Pleno;3;graduação;9;2;8301.95
Pleno;3;técnico;9;3;8266.5
Sênior;11;pós-graduação;6;5;16403.33
Pleno;9;graduação;5;1;8559.82
Sênior;11;pós-graduação;8;5;17474.81
Pleno;8;graduação;4;2;7102.38
Pleno;6;pós-graduação;9;1;10479.16
Júnior;0;técnico;7;0;3536.8
Pleno;6;mestrado;10;1;11248.51
Sênior;8;técnico;4;4;14559.25
Sênior;16;pós-graduação;8;6;18483.88
Sênior;18;pós-graduação;7;5;18733.76
Júnior;2;técnico;7;5;4685.45
Júnior;1;graduação;5;0;3992.9
Júnior;3;pós-graduação;8;2;7765.7
Júnior;2;pós-graduação;8;2;8331.11
Pleno;5;graduação;10;4;10871.95
Pleno;6;graduação;9;4;11061.6
Pleno;3;pós-graduação;6;3;10651.5
Sênior;24;pós-graduação;5;5;19974.21
Pleno;9;graduação;5;2;10549.18
Sênior;13;mestrado;9;6;20204.68
Júnior;3;graduação;6;0;4950.79
Júnior;3;graduação;9;3;6595.24
Pleno;7;graduação;8;3;8775.01
Sênior;8;pós-graduação;7;4;16404.48
Júnior;4;técnico;7;1;3719.38
Pleno;10;pós-graduação;8;3;10662.31
Pleno;10;graduação;7;5;11035.02
Júnior;4;pós-graduação;6;7;6720.14
Pleno;10;pós-graduação;8;5;12195.02
Sênior;21;mestrado;7;4;20746.9
Pleno;3;técnico;6;4;7978.13
Júnior;2;técnico;8;3;4367.12
Sênior;12;pós-graduação;7;3;17629.08
Júnior;1;graduação;8;0;4887.54
Sênior;22;doutorado;6;5;22608.75
Júnior;4;graduação;5;3;4562.49
Pleno;7;mestrado;10;0;12125.17
Júnior;3;técnico;9;0;5718.11
Júnior;0;graduação;8;3;5979.12
Sênior;11;graduação;6;5;15291.9
Júnior;4;graduação;7;4;5818.11
Júnior;2;técnico;9;0;4007.92
Júnior;2;técnico;6;6;4540.51
Pleno;6;pós-graduação;6;0;8620.65
Sênior;11;pós-graduação;10;1;17153.28
Sênior;22;técnico;7;5;18543.2
Júnior;3;técnico;10;0;4700.46
Pleno;8;graduação;5;3;9336.58
Júnior;1;graduação;8;1;4995.65
Pleno;8;graduação;10;3;11638.58
Sênior;25;pós-graduação;7;3;19821.89
Pleno;8;graduação;7;4;9797.35
Pleno;6;pós-graduação;5;2;9107.79
Júnior;1;graduação;9;3;5053.74
Sênior;17;graduação;6;5;17720.43
Pleno;5;técnico;7;1;7955.42
Júnior;3;técnico;5;0;3788.37
Júnior;0;técnico;9;1;5292.25
Júnior;0;graduação;9;0;5932.46
Júnior;3;pós-graduação;7;0;4997.64
Júnior;1;pós-graduação;5;2;5903.48
Pleno;6;graduação;9;0;9657.95
Pleno;7;pós-graduação;6;6;10726.89
Júnior;2;graduação;5;2;4929.38
Pleno;9;pós-graduação;4;3;9141.53
Sênior;12;graduação;6;3;16723.85
Pleno;9;graduação;5;4;10210.46
Pleno;4;graduação;6;3;8094.36
Júnior;1;técnico;8;0;3740.21
Sênior;18;pós-graduação;6;5;17407.8
Júnior;4;pós-graduação;8;0;6480.23
Júnior;1;pós-graduação;6;0;5012.09
Sênior;18;graduação;7;3;16572.42
Pleno;3;graduação;10;4;10393.69
Pleno;3;graduação;6;3;9343.76
Pleno;9;graduação;8;5;10930.85
Pleno;8;pós-graduação;5;1;9786.05
Júnior;1;técnico;9;3;5354.49
Júnior;3;pós-graduação;6;1;6036.25
Júnior;1;mestrado;9;0;6692.47
Júnior;1;graduação;7;2;4593.13
Sênior;15;mestrado;8;5;19442.49
Júnior;1;graduação;8;0;5123.73
Pleno;9;graduação;6;3;9956.54
Pleno;6;técnico;9;3;9447.26
Pleno;5;pós-graduação;6;3;8882.62
Pleno;7;técnico;8;2;9515.65
Pleno;9;pós-graduação;6;1;10552.39
Sênior;12;pós-graduação;8;5;19486.9
Pleno;10;graduação;6;2;9728.66
Sênior;16;pós-graduação;7;3;18226.42
Sênior;19;doutorado;5;5;23230.45
Pleno;10;graduação;7;4;10835.86
Júnior;2;técnico;7;2;4452.66
Pleno;4;graduação;6;2;7809.15
Júnior;3;graduação;7;0;6219.79
Pleno;3;doutorado;7;4;11838.63
Sênior;16;graduação;6;1;16598.98
Pleno;10;mestrado;7;4;12568.51
Pleno;6;graduação;5;0;8167.46
Júnior;3;graduação;10;0;5053.25
Sênior;17;técnico;9;4;18190.19
Júnior;1;graduação;7;5;5455.54
Júnior;1;graduação;9;5;5399.44
Júnior;2;graduação;4;3;5476.88
Júnior;0;técnico;3;2;2447.1
Pleno;6;pós-graduação;6;0;9834.23
Pleno;6;doutorado;5;3;13188.99
Júnior;4;graduação;7;1;5931.82
Júnior;0;graduação;7;0;2862.36
Júnior;4;pós-graduação;8;2;7586.75
Júnior;2;técnico;5;1;3629.57
Júnior;3;pós-graduação;8;3;6819.68
Pleno;7;graduação;7;0;9073.65
Júnior;1;pós-graduação;8;2;5222.98
Júnior;4;técnico;6;0;4434.52
Júnior;1;técnico;9;1;3694.93
Pleno;3;graduação;7;4;8749.91
Júnior;3;graduação;10;0;6159.39
Júnior;3;pós-graduação;6;2;7001.83
Sênior;24;doutorado;8;5;22826.27
Júnior;2;técnico;7;0;5116.11
Pleno;3;graduação;7;2;9212.8
Pleno;3;graduação;8;3;8749.41
Júnior;2;graduação;7;0;4123.88
Pleno;4;graduação;3;3;6789.33
Pleno;10;mestrado;2;2;11190.23
Sênior;10;mestrado;9;4;17983.9
Júnior;4;técnico;9;4;6839.55
Júnior;1;graduação;10;2;5474.33
Júnior;0;graduação;7;1;3969.53
Pleno;5;graduação;5;3;8813.54
Pleno;4;técnico;6;1;7019.77
Júnior;2;graduação;7;1;5105.98
Júnior;1;graduação;5;1;4940.19
Sênior;17;graduação;9;3;17932.06
Júnior;2;pós-graduação;10;2;7284.68
Pleno;3;graduação;8;2;8993.6
Pleno;3;pós-graduação;7;2;8364.83
Júnior;0;graduação;5;0;4074.29
Júnior;0;pós-graduação;9;7;7511.95
Júnior;0;técnico;7;0;4225.03
Sênior;13;graduação;7;1;16274.07
Júnior;2;graduação;8;0;5058.64
Júnior;1;graduação;6;3;5672.68
Júnior;1;técnico;7;4;4445.16
Júnior;2;pós-graduação;5;0;5473.01
Pleno;7;graduação;9;5;10532.2
Júnior;1;técnico;7;3;4773.23
Pleno;4;graduação;9;3;9336.46
Pleno;6;pós-graduação;7;3;11653.29
Sênior;8;mestrado;7;5;19012.15
Júnior;2;graduação;5;3;5511.76
Sênior;24;pós-graduação;8;6;21978.91
Pleno;6;pós-graduação;6;2;8922.55
Júnior;0;graduação;6;1;3305.04
Pleno;8;graduação;7;7;10574.91
Sênior;10;pós-graduação;7;5;16928.86
Júnior;0;pós-graduação;4;3;4961.25
Sênior;10;pós-graduação;7;6;15950.51
Pleno;10;pós-graduação;8;3;12606.11
Pleno;10;graduação;6;3;11707.94
Sênior;18;pós-graduação;7;7;20196.69
Júnior;3;técnico;7;3;5709.87
Sênior;19;mestrado;7;5;20508.28
Júnior;3;pós-graduação;5;0;4959.9
Pleno;7;técnico;7;4;9200.77
Pleno;10;graduação;8;3;12273.91
Júnior;3;técnico;5;1;3703.61
Pleno;3;técnico;6;8;8331.53
Júnior;1;doutorado;5;0;8525.11
Júnior;4;graduação;8;3;7121.58
Júnior;2;graduação;7;0;4306.47
Júnior;1;técnico;6;2;3766.96
Júnior;4;doutorado;7;6;9948.67
Júnior;3;técnico;5;0;3798.78
Pleno;7;pós-graduação;5;2;10722.58
Pleno;6;graduação;5;3;8337.18
Pleno;3;técnico;5;1;7712.77
Júnior;1;graduação;9;3;5921.16
Sênior;15;técnico;6;4;17478.33
Pleno;10;pós-graduação;8;4;12223.18
Júnior;1;técnico;6;0;3482.16
Júnior;0;graduação;8;0;5102.3
Pleno;6;pós-graduação;5;3;9664.0
Júnior;4;graduação;7;0;4143.31
Pleno;6;técnico;7;6;9131.64
Sênior;14;mestrado;10;2;19220.59
Júnior;3;doutorado;8;0;8035.38
Júnior;3;técnico;6;2;4398.88
Sênior;13;graduação;8;4;15303.02
Pleno;10;pós-graduação;10;0;11556.62
Júnior;2;técnico;5;5;4670.52
Sênior;9;mestrado;6;3;17217.9
Sênior;15;mestrado;7;5;19062.25
Pleno;10;técnico;6;3;9340.13
Pleno;6;pós-graduação;7;4;10151.15
Júnior;2;graduação;5;2;4707.57
Júnior;3;graduação;9;0;5790.66
Pleno;8;mestrado;5;2;10769.83
Júnior;4;técnico;7;1;4987.39
Pleno;4;graduação;9;4;9983.02
Sênior;17;mestrado;7;3;19333.65
Júnior;2;técnico;6;5;6494.73
Pleno;4;pós-graduação;5;2;9101.51
Júnior;3;técnico;7;1;4354.54
Sênior;10;pós-graduação;6;3;15904.32
Júnior;2;técnico;7;0;3420.34
Pleno;5;pós-graduação;5;1;9730.13
Pleno;4;pós-graduação;8;1;9419.63
Júnior;4;pós-graduação;7;1;6202.44
Pleno;4;doutorado;7;1;11923.23
Pleno;5;pós-graduação;9;4;10360.54
Pleno;9;pós-graduação;6;2;9524.24
Pleno;10;graduação;6;1;9475.94
Sênior;8;doutorado;6;4;19211.33
Pleno;5;pós-graduação;7;5;10787.89
Pleno;8;mestrado;7;3;13292.4
Júnior;3;técnico;6;1;4775.67
Pleno;10;graduação;4;0;9366.78
Pleno;7;pós-graduação;6;1;11367.85
Pleno;3;graduação;8;1;8582.0
Júnior;4;técnico;7;4;5444.15
Sênior;10;doutorado;9;6;20391.97
Júnior;0;graduação;10;0;6380.65
Pleno;8;graduação;8;2;10101.76
Júnior;3;graduação;9;0;5296.21
Sênior;9;pós-graduação;8;3;16961.37
Júnior;0;graduação;10;2;5128.62
Júnior;2;pós-graduação;10;1;7373.43
Sênior;12;doutorado;8;9;21489.69
Sênior;20;mestrado;8;7;21167.42
Júnior;2;graduação;7;4;6096.07
Pleno;7;graduação;7;4;8908.55
Pleno;6;mestrado;6;2;11314.07
Sênior;14;graduação;8;6;17076.06
Júnior;1;técnico;6;1;5753.58
Pleno;8;doutorado;7;6;14409.08
Pleno;7;mestrado;3;4;10532.53
Pleno;7;graduação;10;3;9685.19
Pleno;7;pós-graduação;7;3;11663.78
Pleno;4;graduação;8;6;9654.98
Júnior;4;graduação;9;0;5446.05
Sênior;18;graduação;7;8;18735.41
Sênior;20;graduação;9;5;19454.8
Pleno;10;graduação;5;0;9743.77
Júnior;4;graduação;10;0;6313.83
Júnior;3;graduação;9;0;5861.43
Pleno;9;graduação;7;4;10612.43
Júnior;2;mestrado;9;0;7935.48
Sênior;21;pós-graduação;5;5;19347.42
Júnior;1;pós-graduação;7;4;7216.12
Pleno;8;técnico;9;2;9639.49
Sênior;9;pós-graduação;4;5;15178.24
Júnior;4;pós-graduação;8;0;6599.0
Júnior;1;graduação;8;1;5677.65
Pleno;8;graduação;10;8;10649.43
Pleno;3;graduação;5;4;7103.47
Pleno;4;graduação;9;3;10242.79
Pleno;10;graduação;6;2;11064.09
Sênior;23;pós-graduação;6;5;18964.36
Pleno;4;graduação;5;3;8470.32
Júnior;0;graduação;5;1;3720.32
Júnior;4;técnico;8;2;5117.42
Júnior;4;graduação;5;0;5013.87
Júnior;0;graduação;8;0;3794.99
Júnior;3;técnico;6;2;3674.95
Pleno;5;graduação;5;1;8039.12
Júnior;3;técnico;6;3;4548.24
Sênior;15;técnico;8;5;15861.83
Júnior;0;graduação;7;0;4952.75
Júnior;1;técnico;7;2;3957.71
Pleno;7;graduação;8;0;9154.73
Sênior;22;doutorado;9;6;23597.86
Júnior;0;pós-graduação;7;1;5509.76
Júnior;4;técnico;5;5;5586.23
Júnior;3;graduação;7;3;5096.6
Pleno;10;graduação;8;1;9421.83
Pleno;10;pós-graduação;5;0;10083.15
Júnior;0;pós-graduação;6;0;5142.17
Júnior;0;técnico;6;0;2431.47
Pleno;9;técnico;7;6;9078.57
Sênior;11;pós-graduação;6;5;16977.61
Pleno;4;mestrado;8;5;11369.55
Pleno;6;mestrado;5;2;9883.24
Júnior;4;técnico;5;1;4875.74
Júnior;3;graduação;6;1;4607.74
Júnior;2;técnico;7;3;5504.87
Pleno;4;pós-graduação;5;4;9619.93
Sênior;14;doutorado;6;3;20106.33
Sênior;20;pós-graduação;6;8;19551.95
Sênior;10;graduação;6;4;13541.39
Sênior;17;pós-graduação;7;4;17654.25
Sênior;8;pós-graduação;6;0;15012.0
Júnior;1;pós-graduação;9;3;7105.31
Júnior;1;graduação;8;2;4097.23
Júnior;3;pós-graduação;6;2;6212.48
Pleno;10;graduação;7;2;9514.42
Júnior;0;técnico;7;0;3764.23
Sênior;22;pós-graduação;9;4;20286.42
Pleno;8;técnico;6;4;9620.45
Pleno;10;graduação;8;4;11746.78
Júnior;4;graduação;7;1;5921.29
Júnior;0;técnico;9;3;5402.28
Júnior;3;técnico;9;1;4904.76
Sênior;18;graduação;7;4;19676.18
Pleno;3;técnico;7;3;7096.83
Pleno;5;mestrado;8;1;10980.57
Júnior;4;mestrado;7;2;8630.95
Júnior;2;técnico;10;0;5526.9
Pleno;5;pós-graduação;7;1;10191.17
Pleno;5;pós-graduação;6;0;9822.72
Pleno;9;doutorado;6;3;12191.51
Júnior;1;graduação;5;4;5962.51
Sênior;10;graduação;8;5;16057.28
Júnior;2;graduação;6;3;6072.13
Sênior;25;mestrado;9;9;21826.53
Júnior;0;graduação;5;2;4379.6
Júnior;1;graduação;7;0;4255.55
Sênior;16;graduação;9;4;18200.48
Júnior;0;graduação;4;2;4121.95
Pleno;8;mestrado;10;2;13156.23
Pleno;5;graduação;6;2;8008.74
Júnior;0;graduação;7;3;4960.12
Pleno;5;graduação;8;5;9823.88
Sênior;24;pós-graduação;8;2;20446.72
Sênior;24;pós-graduação;7;4;20892.51
Júnior;2;pós-graduação;8;1;6505.33
Pleno;6;doutorado;8;4;12806.68
Júnior;4;graduação;10;4;7175.31
Júnior;0;graduação;8;6;7727.75
Júnior;3;graduação;10;1;7402.2
Sênior;20;graduação;8;4;16417.92
Sênior;20;graduação;4;6;17744.34
Pleno;4;técnico;10;2;9552.48
Pleno;8;graduação;6;3;9572.37
Pleno;7;graduação;9;2;9827.94
Pleno;10;graduação;7;0;9713.13
Pleno;4;pós-graduação;9;3;10986.53
Pleno;7;graduação;6;3;8646.07
Júnior;4;graduação;8;4;7332.08
Júnior;1;pós-graduação;7;2;6010.8
Sênior;21;pós-graduação;9;3;19195.48
Pleno;3;graduação;8;3;9837.05
Sênior;20;pós-graduação;8;1;17818.41
Júnior;3;graduação;4;0;3861.35
Pleno;4;graduação;7;4;8799.83
Júnior;0;técnico;8;1;5600.76
Júnior;3;graduação;7;3;5270.49
Júnior;1;graduação;8;0;3441.52
Júnior;2;técnico;6;1;3592.73
Sênior;9;pós-graduação;7;4;16768.89
Júnior;4;técnico;9;3;6348.86
Pleno;7;graduação;4;4;10643.58
Pleno;10;pós-graduação;8;4;12984.83
Pleno;4;graduação;6;6;9431.55
Pleno;4;pós-graduação;6;2;8876.01
Júnior;3;graduação;8;4;7386.82
Sênior;18;pós-graduação;9;3;18842.01
Sênior;22;doutorado;9;3;22339.29
Pleno;10;graduação;7;4;10408.05
Pleno;9;graduação;8;0;9073.4
Júnior;0;pós-graduação;8;3;5974.49
Sênior;13;mestrado;7;5;18686.82
Júnior;4;graduação;6;3;6211.46
Júnior;2;técnico;6;1;3728.34
Júnior;4;técnico;8;2;4412.78
Pleno;7;pós-graduação;7;4;9827.36
Pleno;3;graduação;5;2;8096.7
Pleno;6;graduação;4;2;8450.84
Pleno;9;pós-graduação;8;4;11361.98
Júnior;3;técnico;6;1;3922.78
Sênior;10;graduação;7;4;15971.94
Pleno;4;técnico;9;3;9773.38
Pleno;9;graduação;5;6;9703.9
Júnior;4;graduação;7;1;5662.23
Sênior;21;mestrado;7;4;21320.79
Júnior;0;técnico;8;0;3356.72
Júnior;3;técnico;9;1;5139.06
Pleno;9;graduação;5;4;9823.4
Júnior;3;graduação;8;3;5132.09
Júnior;2;graduação;9;2;6017.95
Pleno;6;mestrado;7;5;12122.08
Júnior;1;graduação;7;3;5638.56
Sênior;13;pós-graduação;8;7;17519.18
Júnior;3;doutorado;8;3;9756.98
Pleno;3;técnico;8;6;9817.21
Pleno;3;mestrado;8;3;12704.25
Pleno;6;graduação;6;1;9696.09
Pleno;9;graduação;8;4;9926.05
Pleno;8;mestrado;9;4;13315.74
Sênior;18;pós-graduação;7;8;19161.8
Júnior;2;graduação;5;4;5298.73
Júnior;0;técnico;7;5;4059.45
Pleno;5;pós-graduação;7;4;9250.57
Sênior;9;pós-graduação;5;5;15808.84
Júnior;3;técnico;6;0;4555.82
Pleno;9;pós-graduação;5;4;11051.6
Sênior;12;pós-graduação;8;4;17782.06
Pleno;5;graduação;7;3;9401.45
Sênior;13;técnico;5;5;15533.17
Pleno;10;graduação;8;4;11370.66
Pleno;6;técnico;7;3;8507.72
Júnior;3;técnico;8;3;5308.02
Sênior;16;pós-graduação;6;0;18320.28
Júnior;3;técnico;6;2;4549.42
Pleno;7;graduação;6;5;9879.79
Pleno;5;pós-graduação;6;6;10622.02
Pleno;10;graduação;7;4;10547.46
Pleno;8;doutorado;7;6;13995.25
Pleno;9;mestrado;7;3;12596.07
Sênior;25;pós-graduação;6;5;19996.0
Pleno;4;mestrado;6;4;10998.14
Pleno;3;mestrado;10;3;11296.64
Júnior;2;graduação;6;0;4675.61
Pleno;5;pós-graduação;6;2;10158.94
Pleno;6;técnico;10;1;9051.66
Júnior;1;graduação;8;2;3944.14
Júnior;1;graduação;5;2;4863.26
Pleno;6;técnico;8;2;8884.13
Pleno;5;graduação;6;2;8054.74
Pleno;8;mestrado;8;4;13241.29
Júnior;2;graduação;7;3;4521.1
Júnior;2;técnico;6;0;4531.79
Júnior;0;técnico;9;0;4159.84
Pleno;7;graduação;8;5;8861.79
Sênior;11;mestrado;8;3;18374.83
Júnior;1;pós-graduação;8;2;6065.67
Pleno;6;graduação;6;6;9410.21
Júnior;0;técnico;8;4;4183.59
Júnior;1;técnico;9;3;4960.95
Júnior;1;graduação;7;3;4910.37
Júnior;4;pós-graduação;10;6;7200.32
Pleno;9;pós-graduação;8;0;11840.45
Sênior;8;pós-graduação;7;4;16028.95
Júnior;3;graduação;7;3;5237.65
Pleno;8;graduação;7;2;9010.1
Pleno;6;pós-graduação;5;5;10839.51
Sênior;16;pós-graduação;7;5;17491.1
Pleno;9;pós-graduação;7;3;11343.79
Júnior;1;graduação;6;1;4141.45
Pleno;3;mestrado;8;2;10682.21
Júnior;1;graduação;7;1;4077.51
Sênior;12;técnico;8;5;15465.78
Júnior;1;técnico;8;0;4156.17
Pleno;4;graduação;7;5;9564.72
Júnior;0;graduação;5;3;3850.09
Pleno;10;pós-graduação;10;5;12736.35
Sênior;10;mestrado;7;3;18321.92
Pleno;8;graduação;7;0;8236.16
Pleno;8;pós-graduação;6;3;10695.61
Sênior;19;mestrado;6;10;20384.45
Sênior;24;pós-graduação;9;7;20663.12
Júnior;0;graduação;9;1;5382.71
Pleno;5;graduação;8;4;9368.32
Pleno;4;graduação;7;4;8348.24
Pleno;7;pós-graduação;8;1;11577.0
Júnior;3;pós-graduação;7;4;7594.06
Júnior;4;graduação;7;1;4247.39
Sênior;14;graduação;8;5;16167.9
Sênior;12;mestrado;6;5;18715.42
Sênior;24;mestrado;7;7;21800.59
Sênior;20;pós-graduação;7;4;20250.4
Pleno;9;pós-graduação;8;0;11381.44
Pleno;6;técnico;6;4;8809.63
Pleno;6;técnico;8;0;7684.7
Pleno;6;técnico;6;2;8544.01
Pleno;8;graduação;6;5;9206.97
Júnior;1;pós-graduação;6;3;6863.67
Pleno;10;graduação;5;5;10595.5
Júnior;0;técnico;9;3;4222.62
Júnior;2;graduação;6;6;6363.27
Pleno;5;graduação;6;2;10319.07
Pleno;8;graduação;9;4;10647.67
Júnior;3;técnico;6;1;4635.29
Sênior;24;mestrado;7;7;21697.72
Sênior;22;graduação;5;5;18359.75
Júnior;1;pós-graduação;8;5;5894.94
Júnior;1;técnico;8;1;4349.63
Júnior;4;graduação;8;4;6530.5
Pleno;6;pós-graduação;8;4;12259.3
Sênior;9;graduação;7;5;14393.5
Júnior;4;técnico;6;2;4503.38
Pleno;8;mestrado;6;3;12801.68
Júnior;0;graduação;9;2;5230.76
Júnior;3;graduação;8;1;5530.06
Sênior;18;técnico;6;4;16016.72
Júnior;3;técnico;7;1;3897.18
Júnior;4;graduação;7;0;4121.9
Pleno;6;mestrado;5;5;11059.55
Pleno;6;graduação;7;1;8407.45
Sênior;19;mestrado;6;5;20132.63
Sênior;11;mestrado;6;6;17698.63
Júnior;0;técnico;5;3;3264.29
Júnior;4;técnico;5;0;3683.46
Pleno;4;graduação;6;3;8666.28
Júnior;2;graduação;7;2;4930.03
Sênior;12;pós-graduação;6;5;16356.75
Pleno;4;graduação;8;5;9760.04
Júnior;2;técnico;7;0;4847.24
Sênior;22;mestrado;8;1;20689.93
Júnior;2;graduação;7;3;5073.13
Pleno;4;graduação;6;2;8413.8
Pleno;4;pós-graduação;7;0;7964.56
Pleno;4;graduação;5;3;8302.42
Pleno;10;pós-graduação;8;5;11919.75
Pleno;5;graduação;6;1;7896.58
Sênior;14;pós-graduação;8;9;18473.53
Sênior;9;graduação;6;3;14662.84
Pleno;6;pós-graduação;9;3;11794.72
Júnior;4;graduação;5;0;5564.44
Pleno;6;graduação;6;3;8550.31
Sênior;19;mestrado;8;5;20287.35
Júnior;0;pós-graduação;9;0;5655.19
Pleno;4;técnico;9;8;10366.68
Pleno;8;pós-graduação;7;2;10901.85
Júnior;0;graduação;10;1;5564.95
Pleno;6;doutorado;7;5;13975.38
Júnior;1;técnico;9;5;5032.51
Pleno;3;graduação;6;5;9804.72
Sênior;17;pós-graduação;8;3;18548.78
Sênior;25;graduação;3;5;17850.86
Pleno;3;pós-graduação;5;0;8389.25
Júnior;4;graduação;8;3;7162.35
Pleno;7;graduação;5;0;8252.4
Sênior;21;pós-graduação;8;4;20414.69
Pleno;3;mestrado;8;3;10812.26
Sênior;23;mestrado;6;6;20714.04
Júnior;0;graduação;6;1;4761.72
Sênior;24;graduação;6;8;19088.22
Júnior;3;técnico;6;3;5225.78
Júnior;1;pós-graduação;7;3;6496.14
Pleno;3;pós-graduação;7;1;8738.48
Júnior;3;graduação;7;5;6099.99
Júnior;0;pós-graduação;10;0;5915.86
Júnior;3;técnico;6;5;5294.28
Pleno;9;pós-graduação;9;7;13971.46
Pleno;5;graduação;5;4;8590.51
Júnior;1;técnico;7;3;4823.64
Pleno;4;graduação;9;0;9017.11
Sênior;12;pós-graduação;9;5;18016.84
Júnior;0;mestrado;6;3;6784.36
Júnior;1;graduação;8;3;4949.81
Sênior;19;mestrado;8;3;20484.6
Sênior;13;mestrado;6;4;18147.88
Pleno;9;pós-graduação;8;0;10316.64
Sênior;22;doutorado;10;6;24409.92
Júnior;3;graduação;8;0;5519.31
Júnior;2;graduação;8;4;5840.33
Pleno;5;graduação;8;5;10888.04
Júnior;4;técnico;5;1;2914.74
Pleno;4;mestrado;8;4;12590.97
Pleno;6;graduação;5;3;8283.87
Pleno;6;graduação;6;3;9348.07
Pleno;8;graduação;10;1;10088.36
Júnior;2;graduação;7;3;4853.9
Júnior;3;graduação;6;0;5769.72
Júnior;4;técnico;9;0;6499.35
Pleno;6;pós-graduação;6;3;10045.14
Júnior;4;graduação;6;1;5534.83
Júnior;0;pós-graduação;9;2;6439.89
Júnior;4;técnico;7;0;5811.35
Júnior;0;graduação;5;5;3320.79
Sênior;23;graduação;8;5;19713.99
Júnior;1;graduação;6;2;4241.01
Sênior;25;mestrado;9;5;20800.83
Júnior;0;graduação;6;3;4447.63
Pleno;6;graduação;9;4;11593.63
Pleno;10;mestrado;10;4;13340.77
Júnior;0;técnico;6;3;4453.54
Sênior;12;pós-graduação;7;2;17639.07
Sênior;9;doutorado;8;2;19041.11
Sênior;13;pós-graduação;6;5;17434.32
Júnior;1;pós-graduação;7;1;4648.59
Júnior;3;graduação;7;3;5248.69
Pleno;5;pós-graduação;7;3;10884.91
Júnior;0;graduação;7;3;5042.48
Pleno;4;pós-graduação;7;1;9857.14
Pleno;10;graduação;7;3;10593.21
Pleno;10;pós-graduação;6;1;12334.4
Sênior;11;graduação;6;6;15748.64
Pleno;4;doutorado;7;0;13223.79
Júnior;0;técnico;7;2;4093.45
Júnior;4;técnico;6;0;5485.94
Pleno;8;mestrado;7;2;11142.52
Pleno;9;graduação;4;5;9879.26
Júnior;1;graduação;6;2;4474.42
Pleno;8;pós-graduação;7;0;10497.63
Pleno;3;graduação;6;2;9105.66
Sênior;20;graduação;9;2;18665.17
Pleno;7;graduação;7;0;10004.27
Júnior;1;técnico;7;2;3780.85
Júnior;3;técnico;6;3;4074.02
Pleno;8;técnico;7;4;9411.27
Júnior;2;graduação;5;3;4872.94
Pleno;4;graduação;7;3;8869.9
Pleno;3;técnico;6;3;6978.96
Júnior;4;graduação;7;0;6239.06
Júnior;1;graduação;3;1;3396.01
Júnior;1;técnico;5;0;4248.25
Sênior;20;pós-graduação;9;3;19608.92
Pleno;5;mestrado;8;3;12203.9
Júnior;1;graduação;9;1;5840.4
Sênior;20;pós-graduação;9;11;20623.01
Pleno;7;graduação;8;1;9907.04
Pleno;8;graduação;6;3;11049.83
Sênior;8;mestrado;5;2;16576.13
Júnior;2;pós-graduação;9;1;7330.89
Júnior;2;pós-graduação;7;1;6585.29
Pleno;8;graduação;10;5;11514.93
Júnior;0;graduação;6;1;4430.54
Pleno;4;graduação;10;3;10283.12
Júnior;3;graduação;7;1;5884.3
Júnior;3;graduação;9;0;4803.49
Júnior;4;graduação;10;0;6473.11
Pleno;5;graduação;5;2;8321.15
Júnior;4;pós-graduação;6;2;6225.93
Júnior;1;técnico;5;3;4757.18
Sênior;19;técnico;5;5;16236.8
Júnior;0;pós-graduação;8;1;4923.66
Júnior;4;graduação;7;0;5957.0
Júnior;1;graduação;7;2;4055.72
Júnior;4;graduação;8;0;4350.44
Júnior;1;técnico;4;3;4185.79
Pleno;9;graduação;9;5;11361.11
Júnior;2;graduação;6;1;5130.9
Sênior;9;pós-graduação;8;3;16240.3
Sênior;11;pós-graduação;8;5;16480.92
Júnior;3;técnico;9;2;4519.95
Júnior;0;graduação;7;1;4409.47
Júnior;1;pós-graduação;4;0;3859.32
Pleno;7;graduação;7;4;10164.94
Júnior;1;técnico;7;2;3926.28
Sênior;10;pós-graduação;5;4;16229.53
Pleno;7;pós-graduação;7;0;10258.6
Sênior;20;mestrado;6;6;20770.76
Pleno;8;pós-graduação;5;2;10549.64
Sênior;24;pós-graduação;8;5;20459.27
Júnior;0;técnico;6;2;3828.78
Pleno;6;graduação;6;0;8765.21
Júnior;1;técnico;6;2;2249.78
Sênior;24;mestrado;9;6;22852.57
Pleno;7;graduação;7;4;10054.96
Sênior;9;graduação;7;5;16044.83
Júnior;3;graduação;6;0;3949.21
Sênior;8;pós-graduação;8;7;16878.96
Pleno;5;pós-graduação;9;4;10285.93
Pleno;8;graduação;8;1;10421.22
Sênior;17;doutorado;8;4;20466.42
Júnior;3;pós-graduação;8;2;6199.94
Júnior;2;pós-graduação;5;3;6274.02
Pleno;9;pós-graduação;6;2;10309.44
Júnior;2;graduação;7;3;4850.13
Júnior;0;graduação;6;0;4734.7
Júnior;0;graduação;5;0;4463.4
Júnior;3;graduação;4;0;4755.45
Sênior;8;pós-graduação;5;3;15994.1
Pleno;6;técnico;7;6;9137.89
Júnior;0;técnico;7;5;4456.78
Pleno;5;mestrado;6;3;10696.34
Pleno;7;técnico;7;2;8867.41
Pleno;4;graduação;6;3;8330.47
Sênior;16;pós-graduação;9;6;18896.85
Sênior;25;graduação;7;2;19469.93
Júnior;0;pós-graduação;8;0;6529.18
Júnior;0;técnico;7;4;4678.78
Pleno;5;mestrado;5;1;11706.02
Pleno;9;pós-graduação;7;2;10556.14
Pleno;6;graduação;5;3;7613.42
Pleno;8;graduação;7;4;10700.24
Pleno;3;graduação;6;2;7709.72
Júnior;3;graduação;8;2;5658.42
Júnior;0;técnico;5;3;2361.14
Júnior;3;doutorado;7;5;9220.55
Júnior;0;técnico;8;1;3048.44
Júnior;4;pós-graduação;8;1;6595.99
Pleno;5;graduação;6;6;9273.81
Júnior;0;doutorado;7;1;8362.97
Júnior;1;técnico;7;0;4717.81
Pleno;3;graduação;9;3;9823.83
Pleno;4;pós-graduação;5;5;8664.48
Júnior;2;técnico;6;2;4625.61
Sênior;13;mestrado;10;5;19828.23
Sênior;14;graduação;7;2;16231.52
Pleno;9;graduação;4;3;9334.11
Pleno;3;graduação;6;5;8993.19
Júnior;1;graduação;3;0;2965.68
Sênior;11;graduação;7;5;16022.35
Júnior;2;técnico;8;1;5428.76
Sênior;13;graduação;6;4;15657.27
Pleno;3;graduação;6;3;7729.08
Júnior;0;técnico;8;2;4256.8
Júnior;4;pós-graduação;4;2;5108.6
Pleno;3;graduação;5;1;6544.05
Pleno;9;pós-graduação;7;0;10408.87
Júnior;4;graduação;6;2;6514.04
Pleno;6;graduação;7;2;9272.98
Sênior;13;pós-graduação;5;8;17775.0
Pleno;9;graduação;7;6;9358.9
Pleno;10;graduação;7;7;11606.69
Júnior;0;graduação;8;0;4765.36
Pleno;10;graduação;7;4;10234.56
Júnior;4;doutorado;7;3;9826.04
Sênior;10;graduação;5;6;15619.09
Júnior;0;graduação;8;1;4158.36
Pleno;8;técnico;7;5;9832.3
Júnior;0;graduação;7;2;5637.99
Júnior;3;graduação;9;2;5990.44
Pleno;3;graduação;6;0;7242.68
Pleno;8;pós-graduação;9;4;11675.69
Pleno;4;graduação;9;3;10198.23
Sênior;9;graduação;8;6;15291.58
Sênior;9;doutorado;6;5;19454.99
Sênior;11;pós-graduação;4;5;15775.39
Júnior;2;pós-graduação;9;1;6869.44
Pleno;3;graduação;7;4;8554.97
Sênior;22;doutorado;6;5;21903.09
Júnior;3;técnico;9;0;6016.17
Júnior;1;graduação;6;3;3963.64
Sênior;25;mestrado;6;4;21689.76
Pleno;8;graduação;8;1;11111.93
Pleno;8;graduação;5;1;9479.87
Sênior;11;doutorado;7;6;19118.23
Pleno;8;pós-graduação;9;3;10702.89
Pleno;7;pós-graduação;7;0;9623.86
Júnior;4;graduação;9;1;6310.54
Pleno;6;pós-graduação;9;5;11658.16
Júnior;3;pós-graduação;7;1;5459.81
Pleno;5;pós-graduação;3;3;8439.07
Sênior;8;graduação;5;7;14631.96
Júnior;0;técnico;8;3;4373.48
Júnior;4;graduação;5;3;6789.29
Sênior;21;mestrado;7;0;19196.77
Júnior;1;graduação;8;5;5266.13
Pleno;8;graduação;9;4;10006.8
Pleno;3;graduação;6;7;9694.88
Pleno;3;graduação;6;2;8221.06
Júnior;2;pós-graduação;7;0;5272.64
Pleno;7;graduação;8;3;9796.04
Júnior;4;graduação;7;1;5045.94
Pleno;9;pós-graduação;9;4;12257.12
Júnior;1;mestrado;6;3;9029.06
Pleno;9;técnico;7;3;9835.61
Pleno;6;mestrado;8;3;11934.91
Júnior;4;graduação;6;2;5034.52
Júnior;0;pós-graduação;8;1;4959.62
Júnior;0;técnico;7;1;4313.58
Júnior;0;graduação;8;3;5775.55
Júnior;4;graduação;7;4;5873.73
Sênior;9;pós-graduação;8;7;18199.33
Pleno;10;graduação;6;3;10214.77
Sênior;21;pós-graduação;6;1;19092.33
Sênior;10;pós-graduação;9;5;17707.34
Júnior;4;técnico;8;0;4776.0
Pleno;4;graduação;5;3;7731.58
Sênior;10;graduação;7;4;15598.12
Pleno;7;mestrado;3;3;11339.44
Pleno;5;doutorado;6;1;11894.31
Pleno;5;graduação;8;1;9457.82
Júnior;0;técnico;7;4;3642.08
Pleno;7;graduação;7;1;9896.04
Sênior;8;pós-graduação;2;5;15119.06
Sênior;12;mestrado;6;7;17858.52
Júnior;2;graduação;8;3;5643.19
Pleno;6;técnico;8;4;9852.01
Júnior;3;técnico;8;2;4168.68
Sênior;11;graduação;7;6;15600.33
Júnior;3;pós-graduação;7;4;6901.35
Sênior;21;pós-graduação;5;6;20743.33
Sênior;14;pós-graduação;7;2;16829.2
Júnior;1;graduação;5;1;4596.69
Júnior;2;pós-graduação;4;3;5782.09
Sênior;18;pós-graduação;5;4;17687.34
Júnior;0;pós-graduação;9;4;6912.79
Pleno;7;mestrado;7;3;11636.52
Sênior;10;pós-graduação;7;5;16649.54
Pleno;7;mestrado;6;5;10887.11
Júnior;4;técnico;4;1;3882.89
Pleno;7;pós-graduação;8;3;11679.37
Júnior;3;técnico;4;3;4090.2
Sênior;13;pós-graduação;6;2;17513.36
Júnior;4;técnico;7;1;5206.23
Júnior;4;técnico;7;3;5158.32
Júnior;4;técnico;6;2;4260.45
Sênior;21;pós-graduação;4;8;19009.62
Júnior;3;graduação;6;0;3820.64
Sênior;17;pós-graduação;6;2;17563.04
Pleno;10;graduação;6;4;10502.2
Sênior;23;doutorado;8;7;24750.79
Sênior;15;doutorado;5;5;20619.82
Sênior;9;graduação;7;6;15244.6
Sênior;8;pós-graduação;7;6;15592.44
Júnior;1;graduação;8;0;4805.41
Pleno;3;pós-graduação;7;2;10118.24
Pleno;4;graduação;8;3;9145.57
Pleno;3;pós-graduação;7;5;10529.39
Sênior;25;graduação;8;3;19423.21
Sênior;9;pós-graduação;5;5;16551.9
Pleno;8;pós-graduação;3;3;8681.92
Pleno;5;pós-graduação;8;4;11872.93
Pleno;4;pós-graduação;8;3;9521.26
Júnior;3;técnico;8;1;5405.61
Júnior;4;técnico;6;4;4909.47
Júnior;3;técnico;9;1;5068.92
Júnior;4;técnico;6;1;4331.23
Júnior;2;técnico;8;0;4578.92
Pleno;8;graduação;8;2;10420.27
Pleno;4;graduação;10;4;10840.85
Sênior;23;mestrado;7;6;22535.56
Pleno;8;graduação;6;4;10132.28
Júnior;1;técnico;5;2;4849.57
Júnior;1;graduação;9;5;6315.08
Júnior;3;técnico;8;0;5404.21
Sênior;8;mestrado;8;2;17600.1
Júnior;4;técnico;10;0;5115.56
Pleno;5;graduação;7;2;9176.86
Sênior;9;mestrado;5;3;17202.22
Sênior;13;pós-graduação;7;5;17627.46
Júnior;4;graduação;6;4;6189.0
Júnior;1;graduação;6;4;5755.75
Júnior;2;técnico;6;2;4183.64
Júnior;4;graduação;6;5;4039.28
Júnior;0;pós-graduação;5;1;6174.79
Pleno;9;doutorado;9;0;13741.69
Sênior;13;pós-graduação;7;7;17473.7
Pleno;8;graduação;7;0;8613.12
Pleno;4;pós-graduação;8;2;9864.49
Júnior;0;graduação;8;2;4706.08
Sênior;22;graduação;7;5;18384.09
Pleno;9;graduação;8;3;10072.51
Sênior;25;graduação;7;3;19620.82
Sênior;20;pós-graduação;8;5;21121.25
Júnior;2;técnico;8;3;5574.4
Júnior;0;técnico;7;2;4785.82
Júnior;1;técnico;7;0;3585.81
Pleno;8;mestrado;9;1;12473.27
Sênior;14;graduação;6;4;16698.54
Júnior;2;técnico;8;2;4338.31
Pleno;4;graduação;8;4;9201.99
Pleno;6;graduação;6;2;9598.19
Júnior;1;mestrado;6;0;7313.2
Júnior;0;pós-graduação;6;2;5547.19
Pleno;4;graduação;6;1;7463.39
Pleno;7;graduação;5;4;9143.09
Pleno;5;graduação;6;2;7741.07
Júnior;0;técnico;7;0;3652.64
Pleno;7;graduação;9;3;10528.78
Júnior;0;técnico;8;6;4910.5
Sênior;8;graduação;3;6;14569.2
Júnior;0;graduação;8;2;5391.83
Júnior;2;técnico;6;2;4379.8
Pleno;10;técnico;8;0;8558.93
Pleno;4;graduação;7;1;8422.71
Pleno;5;graduação;7;0;8936.89
Pleno;4;técnico;7;6;9905.1
Sênior;14;técnico;7;8;16509.65
Pleno;8;graduação;9;4;11185.59
Pleno;5;graduação;7;3;9864.71
Pleno;8;pós-graduação;9;0;10862.36
Júnior;4;pós-graduação;8;1;7703.89
Pleno;10;graduação;8;6;12241.52
Júnior;2;graduação;4;2;5366.27
Pleno;8;pós-graduação;9;2;11720.9
Júnior;4;graduação;6;0;6752.1
Sênior;22;graduação;8;7;19169.3
Pleno;5;técnico;6;3;9636.85
Sênior;10;pós-graduação;5;2;16237.81
Pleno;3;pós-graduação;10;1;11188.27
Júnior;4;técnico;6;0;4075.97
Sênior;18;graduação;9;5;19091.13
Pleno;5;graduação;7;3;10248.88
Pleno;5;graduação;6;2;7988.85
Pleno;5;graduação;7;4;9335.67
Pleno;9;pós-graduação;5;3;9151.12
Sênior;19;pós-graduação;7;7;19425.17
Pleno;10;graduação;5;2;9128.79
Júnior;1;técnico;6;7;4797.56
Pleno;6;pós-graduação;8;2;12646.55
Pleno;3;graduação;7;1;9552.46
Sênior;25;graduação;5;3;17642.39
Júnior;2;técnico;8;1;4989.02
Pleno;7;pós-graduação;7;0;10709.25
Sênior;15;mestrado;6;6;19013.47
Pleno;5;mestrado;8;0;11274.82
Pleno;10;pós-graduação;7;3;11693.19
Pleno;6;graduação;5;1;7557.37
Júnior;3;graduação;10;1;5528.07
Pleno;3;graduação;7;4;9070.61
Júnior;1;graduação;7;6;5919.58
Júnior;4;graduação;6;0;4604.01
Pleno;3;graduação;9;3;8793.94
Pleno;3;mestrado;6;2;10387.15
Sênior;22;pós-graduação;5;3;19520.31
Júnior;1;técnico;6;0;3496.46
Júnior;1;graduação;9;3;6985.91
Sênior;18;mestrado;8;4;19712.93
Júnior;0;pós-graduação;7;6;6735.18
Júnior;0;graduação;9;2;5151.99
Júnior;0;mestrado;8;0;7311.57
Pleno;3;mestrado;7;2;10202.89
Sênior;10;mestrado;7;4;19249.18
Pleno;8;mestrado;7;4;11216.57
Pleno;5;graduação;6;0;9550.84
Júnior;0;pós-graduação;7;0;5462.99
Júnior;0;graduação;7;0;4786.7
Pleno;6;pós-graduação;4;4;10734.17
Júnior;4;técnico;7;4;6000.36
Júnior;1;graduação;7;4;4938.98
Júnior;0;mestrado;9;2;8020.06
Júnior;1;graduação;4;1;5257.23
Pleno;6;doutorado;6;4;12478.9
Pleno;4;graduação;6;1;9782.9
Júnior;4;técnico;8;0;5169.99
Pleno;9;técnico;7;4;9346.74
Pleno;5;pós-graduação;10;1;10124.7
Pleno;10;pós-graduação;8;3;11643.7
Sênior;13;pós-graduação;6;5;15981.31
Pleno;4;pós-graduação;7;3;9709.33
Sênior;24;pós-graduação;6;7;20315.95
Júnior;4;graduação;8;3;5547.91
Júnior;1;pós-graduação;5;2;5973.49
Júnior;2;graduação;6;1;4646.86
Pleno;4;pós-graduação;8;3;9854.94
Júnior;3;graduação;9;0;5522.27
Júnior;3;doutorado;4;1;8398.58
Pleno;8;graduação;9;8;11651.25
Júnior;2;técnico;7;2;4009.32
Júnior;3;técnico;4;2;3937.96
Júnior;2;graduação;2;0;3364.53
Pleno;9;pós-graduação;5;5;10252.38
Júnior;0;graduação;7;3;4798.05
Júnior;2;graduação;7;3;5905.54
Júnior;2;técnico;8;2;5200.5
Pleno;7;pós-graduação;6;5;10689.02
Sênior;10;doutorado;5;7;19873.74
Pleno;5;graduação;6;4;8464.03
Pleno;10;graduação;7;3;9835.71
Sênior;9;graduação;7;7;15874.12
Sênior;19;pós-graduação;6;3;19498.3
Pleno;8;graduação;8;2;10214.28
Sênior;16;pós-graduação;6;5;17907.24
Sênior;8;pós-graduação;6;2;16580.9
Pleno;3;graduação;6;4;8449.14
Pleno;5;graduação;9;1;11014.31
Júnior;0;técnico;7;1;3442.1
Júnior;0;pós-graduação;6;1;4591.79
Pleno;4;graduação;8;3;9183.55
Pleno;4;graduação;10;2;9525.64
Pleno;9;técnico;7;3;8884.6
Pleno;8;pós-graduação;9;3;13421.38
Pleno;3;mestrado;9;2;11573.04
Sênior;19;técnico;6;4;17174.97
Júnior;0;técnico;7;3;3876.68
Júnior;2;técnico;5;0;3095.63
Pleno;3;pós-graduação;7;3;10467.89
Sênior;9;doutorado;6;4;17676.91
Sênior;10;pós-graduação;6;6;15999.99
Sênior;15;pós-graduação;6;2;17076.88
Sênior;16;mestrado;7;4;20345.73
Júnior;1;graduação;8;1;4887.84
Pleno;7;graduação;7;5;10441.31
Júnior;3;técnico;4;2;3869.41
Pleno;8;graduação;6;1;10207.38
Sênior;18;mestrado;5;4;18190.69
Júnior;2;graduação;7;3;6015.17
Pleno;6;pós-graduação;8;1;10260.77
Júnior;1;pós-graduação;7;1;6497.42
Júnior;2;técnico;6;1;3426.5
Júnior;0;graduação;7;1;4617.08
Júnior;4;técnico;6;6;5428.25
Sênior;14;mestrado;5;4;17598.3
Pleno;9;pós-graduação;8;4;10853.71
Sênior;25;graduação;8;4;19343.71
Pleno;6;técnico;8;4;9290.95
Júnior;4;graduação;6;3;5170.16
Júnior;2;graduação;9;0;5268.95
Sênior;10;mestrado;6;5;16479.94
Júnior;0;técnico;8;0;3640.55
Sênior;10;doutorado;6;3;19616.51
Júnior;4;pós-graduação;7;3;7493.63
Pleno;6;pós-graduação;3;2;9039.15
Sênior;13;mestrado;7;1;18220.56
Júnior;2;pós-graduação;7;5;6320.22
Júnior;1;pós-graduação;6;0;6487.11
Sênior;23;pós-graduação;10;5;22497.43
Júnior;4;graduação;5;4;5715.38
Pleno;3;graduação;6;3;10263.48
Pleno;8;pós-graduação;6;3;10223.87
Júnior;1;graduação;6;0;3474.24
Pleno;3;técnico;9;0;7453.26
Pleno;10;técnico;9;3;10146.36
Júnior;0;pós-graduação;6;2;7118.45
Sênior;11;mestrado;6;6;18053.19
Júnior;0;mestrado;5;1;5598.24
Júnior;2;graduação;9;2;5271.08
Pleno;7;pós-graduação;9;0;11548.02
Sênior;13;mestrado;7;6;19748.11
Júnior;0;graduação;5;2;3860.17
Júnior;0;técnico;5;5;2686.95
Pleno;10;doutorado;7;3;13409.98
Sênior;22;técnico;8;3;19204.87
Júnior;4;graduação;4;1;5182.17
Júnior;2;graduação;7;1;5145.82
Pleno;7;pós-graduação;9;4;12858.18
Júnior;3;técnico;7;2;6120.83
Júnior;3;graduação;9;0;5724.84
Júnior;2;técnico;8;0;4387.7
Pleno;5;pós-graduação;5;3;9242.57
Pleno;6;graduação;7;5;9700.78
Sênior;9;mestrado;7;5;16809.57
Pleno;4;pós-graduação;6;4;8856.73
Pleno;8;graduação;6;5;8894.14
Sênior;23;graduação;9;5;20509.04
Pleno;3;pós-graduação;6;2;8157.02
Pleno;3;técnico;9;3;9914.97
Sênior;9;graduação;6;7;15238.74
Júnior;3;graduação;7;2;6766.14
Pleno;5;mestrado;8;4;11694.46
Pleno;5;pós-graduação;6;2;8653.67
Júnior;0;graduação;8;1;5798.65
Pleno;10;doutorado;4;3;14281.31
Júnior;2;graduação;8;1;4765.76
Júnior;3;graduação;3;4;4517.84
Pleno;8;graduação;7;0;8765.94
Júnior;0;graduação;8;2;5015.63
Pleno;9;graduação;8;3;10625.48
Sênior;17;mestrado;5;3;18604.03
Sênior;18;técnico;5;6;15426.78
Júnior;1;graduação;6;0;3943.38
Júnior;4;técnico;7;1;5292.46
Júnior;4;graduação;4;5;5353.77
Júnior;2;técnico;7;3;4470.79
Sênior;9;pós-graduação;7;6;16198.46
Pleno;9;pós-graduação;7;4;11022.96
Júnior;4;graduação;8;1;6886.26
Sênior;17;graduação;7;9;17652.16
Júnior;2;técnico;6;3;4904.58
Júnior;1;pós-graduação;4;0;4782.94
Júnior;0;técnico;7;0;3771.37
Pleno;10;pós-graduação;6;4;10887.35
Pleno;6;graduação;6;3;8953.76
Júnior;1;técnico;8;0;4146.0
Sênior;20;mestrado;9;6;21035.53
Sênior;8;pós-graduação;7;5;16632.0
Sênior;9;técnico;8;6;15670.21
Júnior;1;mestrado;5;2;8170.89
Júnior;2;técnico;7;0;4294.73
Sênior;14;pós-graduação;7;6;16761.43
Júnior;0;graduação;9;1;6014.11
Pleno;5;graduação;6;2;8607.29
Pleno;5;pós-graduação;7;2;11458.35
Júnior;2;técnico;9;4;6529.65
Pleno;7;mestrado;7;2;11396.31
Sênior;23;pós-graduação;5;7;20455.33
Pleno;9;mestrado;10;6;13534.23
Pleno;5;pós-graduação;5;2;9451.88
Sênior;24;doutorado;7;0;22573.19
Pleno;7;pós-graduação;8;5;12229.1
Pleno;4;graduação;7;2;9426.64
Sênior;14;pós-graduação;7;3;17552.49
Pleno;8;pós-graduação;7;2;12538.4
Júnior;4;graduação;7;1;5344.49
Júnior;1;graduação;5;4;3724.96
Júnior;0;técnico;10;2;3909.71
Pleno;4;pós-graduação;7;5;11431.81
Pleno;3;graduação;8;4;9196.34
Pleno;8;mestrado;6;2;11811.34
Júnior;2;técnico;6;1;3620.23
Pleno;6;técnico;6;4;8283.11
Sênior;20;mestrado;5;6;19649.03
Júnior;4;pós-graduação;7;3;7329.81
Pleno;9;pós-graduação;6;3;10881.83
Pleno;4;mestrado;9;3;12104.5
Pleno;7;graduação;5;4;9587.61
Júnior;4;pós-graduação;6;1;6001.88
Pleno;9;graduação;6;1;8528.89
Sênior;13;pós-graduação;9;4;16967.94
Pleno;6;graduação;6;3;11318.66
Sênior;24;técnico;8;6;20134.72
Sênior;8;pós-graduação;8;7;18038.13
Júnior;2;graduação;7;0;4427.78
Pleno;3;graduação;5;2;7956.66
Pleno;10;mestrado;5;2;11329.25
Sênior;8;pós-graduação;8;6;15981.54
Júnior;0;técnico;5;1;2787.86
Pleno;5;pós-graduação;8;2;11278.33
Sênior;11;graduação;7;2;16138.52
Júnior;2;técnico;8;2;4120.97
Pleno;5;pós-graduação;8;3;10329.63
Júnior;1;técnico;6;0;4074.39
Sênior;18;graduação;6;5;17200.32
Sênior;18;mestrado;8;7;20855.71
Júnior;4;técnico;6;0;4581.29
Pleno;6;pós-graduação;3;1;9173.65
Júnior;2;pós-graduação;8;4;7177.9
Pleno;8;técnico;5;3;8142.41
Pleno;4;graduação;8;4;9114.32
Sênior;20;graduação;9;6;18406.45
Júnior;4;graduação;7;1;4507.06
Júnior;1;técnico;8;1;4269.68
Pleno;4;mestrado;7;4;11971.38
Pleno;5;graduação;9;5;9283.8
Pleno;5;pós-graduação;5;5;10241.08
Júnior;2;técnico;7;0;4649.24
Júnior;4;técnico;8;4;4414.29
Sênior;18;pós-graduação;7;4;18510.59
Júnior;0;graduação;9;0;6152.35
Júnior;1;doutorado;6;1;8636.36
Sênior;20;técnico;10;6;17390.68
Júnior;1;técnico;10;2;5610.84
Pleno;7;graduação;7;3;9226.58
Júnior;3;graduação;8;3;6533.91
Sênior;13;mestrado;9;5;18966.94
Pleno;8;mestrado;5;2;11362.88
Sênior;15;mestrado;5;4;18173.72
Júnior;0;técnico;9;2;4602.21
Pleno;5;graduação;7;3;8852.9
Pleno;6;pós-graduação;7;1;9943.52
Júnior;0;graduação;7;3;4177.08
Júnior;4;graduação;3;1;4743.46
Júnior;2;técnico;7;4;5022.7
Sênior;8;pós-graduação;6;2;14368.43
Pleno;9;mestrado;8;3;13445.04
Pleno;9;graduação;8;2;10226.6
Pleno;3;mestrado;8;1;10963.23
Pleno;4;graduação;8;2;9635.19
Pleno;5;técnico;5;6;8679.77
Pleno;7;graduação;8;3;10865.64
Pleno;8;graduação;8;2;9894.69
Júnior;2;graduação;9;0;6224.1
Sênior;19;graduação;10;2;18536.05
Sênior;8;pós-graduação;4;4;15655.34
Júnior;3;pós-graduação;6;0;6132.54
Pleno;10;graduação;6;3;11068.51
Júnior;2;técnico;7;0;4604.99
Sênior;16;pós-graduação;7;5;18089.94
Sênior;13;mestrado;7;7;18801.11
Sênior;25;pós-graduação;9;8;21815.17
Júnior;0;técnico;5;0;2467.93
Júnior;1;graduação;5;0;3313.47
Júnior;0;graduação;5;0;2310.36
Júnior;4;graduação;6;2;4415.52
Júnior;2;técnico;5;0;4889.78
Júnior;4;doutorado;7;5;9640.45
Sênior;19;graduação;7;5;19482.42
Júnior;2;técnico;6;1;4282.21
Júnior;2;técnico;8;4;5165.17
Sênior;11;pós-graduação;7;5;16099.58
Pleno;7;graduação;9;4;10553.27
Pleno;8;graduação;7;2;11124.53
Pleno;10;graduação;7;1;11190.35
Sênior;17;mestrado;6;4;19541.97
Pleno;10;graduação;7;7;10495.93
Pleno;10;mestrado;8;4;12529.98
Pleno;7;graduação;6;3;8853.19
Pleno;6;graduação;8;1;10294.71
Júnior;0;mestrado;6;3;8042.2
Pleno;5;pós-graduação;8;1;10287.12
Júnior;4;graduação;6;0;4887.84
Pleno;4;pós-graduação;8;2;11184.1
Júnior;1;graduação;7;5;4965.0
Júnior;3;graduação;9;5;6786.28
Júnior;1;pós-graduação;5;1;5574.08
Sênior;25;mestrado;5;4;20446.04
Júnior;3;técnico;6;0;3604.86
Pleno;3;pós-graduação;5;3;8650.38
Sênior;12;pós-graduação;5;5;17791.71
Júnior;3;técnico;8;3;6590.06
Pleno;9;mestrado;7;5;12930.35
Júnior;4;graduação;6;1;5112.25
Júnior;4;graduação;6;3;5280.11
Pleno;3;pós-graduação;6;2;9251.22
Sênior;21;pós-graduação;9;6;20064.84
Júnior;0;técnico;6;1;3432.08
Pleno;3;doutorado;5;4;12339.26
Júnior;3;graduação;8;2;5566.28
Pleno;6;pós-graduação;7;3;10367.29
Pleno;8;graduação;10;4;10970.18
Pleno;9;graduação;6;0;9127.71
Pleno;3;técnico;8;1;7540.99
Júnior;2;graduação;9;1;6233.54
Pleno;9;graduação;6;0;8110.48
Pleno;6;pós-graduação;6;2;11102.0
Pleno;7;mestrado;8;2;12144.87
Júnior;2;graduação;8;4;6427.01
Pleno;10;graduação;5;3;10407.55
Pleno;3;pós-graduação;5;5;9054.36
Júnior;4;técnico;3;2;3159.95
Júnior;4;pós-graduação;8;1;6177.41
Pleno;9;graduação;7;3;10077.05
Pleno;6;técnico;7;4;9389.44
Júnior;2;técnico;4;4;3591.37
Sênior;14;doutorado;5;5;20425.55
Pleno;5;graduação;6;0;6692.46
Pleno;10;pós-graduação;6;0;10330.1
Pleno;7;graduação;7;2;10367.0
Pleno;8;graduação;8;0;9580.32
Pleno;3;mestrado;10;6;11869.6
Sênior;22;graduação;7;6;18640.21
Pleno;8;técnico;9;2;7480.38
Pleno;10;graduação;6;1;9091.74
Pleno;4;mestrado;4;5;11440.07
Pleno;7;graduação;6;1;8642.18
Júnior;2;técnico;5;0;3174.82
Pleno;7;doutorado;7;2;11617.73
Pleno;3;pós-graduação;6;3;8308.41
Sênior;16;mestrado;4;6;19733.03
Pleno;5;pós-graduação;10;5;11982.11
Pleno;7;pós-graduação;6;5;9941.79
Sênior;12;pós-graduação;5;5;16358.6
Pleno;6;graduação;8;5;10179.58
Júnior;3;graduação;6;0;4012.71
Júnior;0;graduação;9;0;3597.1
Júnior;3;mestrado;6;0;6938.55
Júnior;3;graduação;6;0;5250.83
Pleno;3;graduação;8;2;9264.3
Pleno;3;graduação;8;1;9262.67
Pleno;9;pós-graduação;8;2;10262.51
Júnior;1;graduação;7;3;5290.53
Pleno;9;pós-graduação;8;6;11962.08
Júnior;2;graduação;8;0;5138.95
Sênior;14;técnico;7;3;15551.75
Júnior;1;graduação;7;0;4187.69
Pleno;8;pós-graduação;5;4;8487.55
Júnior;0;pós-graduação;8;1;6713.28
Pleno;6;graduação;7;2;9530.99
Pleno;5;pós-graduação;6;4;9111.0
Pleno;4;graduação;9;5;10331.19
Júnior;1;graduação;5;1;3936.89
Sênior;17;graduação;9;4;17756.72
Pleno;8;mestrado;7;3;11662.11
Pleno;3;mestrado;7;3;11325.85
Sênior;23;pós-graduação;6;5;19290.12
Sênior;23;pós-graduação;4;4;18282.22
Júnior;3;técnico;7;3;5742.22
Júnior;4;graduação;8;2;5974.78
Júnior;2;graduação;8;3;5696.76
Júnior;4;graduação;7;4;6684.72
Pleno;8;técnico;4;4;8032.69
Sênior;18;mestrado;5;4;18972.29
Sênior;11;graduação;10;7;17664.0
Pleno;7;pós-graduação;5;4;9271.04
Pleno;10;pós-graduação;9;8;13254.77
Sênior;25;graduação;6;6;19021.0
Sênior;16;pós-graduação;7;6;19198.83
Júnior;1;pós-graduação;8;2;6732.66
Pleno;8;pós-graduação;6;3;10990.18
Sênior;9;graduação;9;5;15125.13
Júnior;0;graduação;7;2;4727.62
Pleno;7;graduação;8;4;9425.91
Sênior;25;pós-graduação;7;7;21024.2
Sênior;13;pós-graduação;8;6;16529.3
Sênior;15;técnico;9;4;15671.42
Pleno;5;pós-graduação;7;2;10882.32
Júnior;2;graduação;10;0;6058.34
Júnior;0;pós-graduação;6;4;5652.33
Pleno;7;técnico;8;2;8413.88
Pleno;7;graduação;8;5;9691.02
Pleno;5;graduação;5;3;8790.11
Pleno;5;graduação;7;4;9209.46
Pleno;9;graduação;7;3;11332.65
Pleno;4;técnico;6;2;7570.67
Júnior;0;técnico;8;0;3941.1
Júnior;0;graduação;7;5;4428.05
Júnior;4;técnico;7;2;4747.51
Júnior;1;graduação;7;4;5573.89
Sênior;9;técnico;7;7;14989.05
Pleno;10;pós-graduação;6;2;10660.06
Júnior;0;graduação;7;2;5028.84
Pleno;5;pós-graduação;6;3;11010.38
Pleno;3;pós-graduação;10;1;10351.48
Júnior;3;graduação;5;1;5550.93
Júnior;3;graduação;6;3;5885.12
Júnior;3;técnico;6;1;5009.05
Pleno;5;pós-graduação;10;2;10523.2
Júnior;1;técnico;5;1;3305.15
Júnior;4;graduação;8;5;6558.06
Júnior;4;técnico;7;0;4982.39
Pleno;3;mestrado;8;4;12004.69
Júnior;3;graduação;9;1;6037.54
Sênior;22;pós-graduação;9;4;20913.69
Júnior;2;graduação;6;1;4405.67
Pleno;8;graduação;7;4;10819.76
Pleno;3;graduação;4;4;8761.07
Pleno;3;mestrado;7;3;11424.25
Júnior;0;pós-graduação;6;3;5793.92
Sênior;10;graduação;7;7;16799.33
Sênior;25;mestrado;4;6;20524.2
Júnior;3;graduação;8;1;5788.85
Júnior;3;técnico;4;2;4060.36
Sênior;13;pós-graduação;7;6;16919.34
Pleno;10;técnico;5;2;9232.21
Júnior;0;técnico;6;0;2425.83
Júnior;4;graduação;9;0;5700.46
Pleno;3;graduação;8;3;9077.83
Pleno;3;mestrado;9;4;11238.48
Pleno;3;pós-graduação;9;1;10007.79
Sênior;22;mestrado;6;7;21246.59
Pleno;5;pós-graduação;9;3;10275.87
Júnior;2;pós-graduação;5;4;6497.58
Pleno;6;graduação;8;4;9465.09
Júnior;3;graduação;6;0;6451.58
Júnior;1;graduação;6;2;4673.36
Júnior;0;pós-graduação;8;3;5480.09
Júnior;1;técnico;8;1;3660.96
Pleno;5;pós-graduação;8;0;10753.31
Júnior;3;pós-graduação;7;2;6263.59
Pleno;9;graduação;7;1;8895.37
Pleno;3;mestrado;8;5;12247.6
Pleno;9;graduação;7;2;9759.1
Pleno;3;graduação;8;6;10107.39
Sênior;19;pós-graduação;7;1;19004.9
Pleno;6;graduação;8;3;9992.12
Júnior;1;técnico;5;4;5727.14
Pleno;6;técnico;7;1;7092.68
Pleno;5;graduação;5;3;8077.43
Júnior;3;pós-graduação;7;1;6170.83
Júnior;4;pós-graduação;9;0;8582.82
Júnior;4;graduação;6;2;6758.6
Pleno;6;técnico;7;1;9202.08
Pleno;7;graduação;8;3;9494.11
Júnior;2;pós-graduação;4;2;4925.74
Sênior;22;mestrado;6;5;20220.01
Sênior;17;graduação;8;3;17001.6
Júnior;2;técnico;3;3;4544.89
Sênior;15;doutorado;6;6;20579.36
Júnior;1;pós-graduação;9;0;6171.95
Sênior;17;graduação;9;3;18392.07
Sênior;20;mestrado;8;3;19335.53
Júnior;2;técnico;8;2;4836.85
Pleno;9;técnico;7;3;8682.19
Sênior;22;mestrado;8;6;21393.91
Sênior;15;pós-graduação;7;4;17539.51
Sênior;24;pós-graduação;7;3;19553.41
Pleno;4;mestrado;6;5;11457.91
Júnior;4;pós-graduação;9;1;7354.85
Sênior;13;graduação;9;5;17096.13
Pleno;7;pós-graduação;9;0;11009.48
Pleno;5;pós-graduação;6;2;9141.97
Pleno;6;pós-graduação;6;5;11077.11
Pleno;5;doutorado;9;2;13205.66
Júnior;3;graduação;8;3;5711.44
Pleno;3;técnico;7;0;6793.67
Júnior;4;técnico;6;0;4131.02
Pleno;10;pós-graduação;8;3;13109.45
Sênior;18;doutorado;5;8;21555.68
Pleno;7;técnico;8;1;8048.92
Pleno;8;técnico;9;4;10643.17
Júnior;0;pós-graduação;9;3;6269.65
Sênior;21;graduação;8;4;18948.63
Pleno;4;técnico;5;2;6976.04
Júnior;3;pós-graduação;7;2;7446.54
Júnior;1;pós-graduação;10;0;6136.47
Júnior;3;pós-graduação;6;1;7028.5
Pleno;9;pós-graduação;7;5;10915.52
Sênior;11;pós-graduação;9;6;17744.97
Pleno;7;mestrado;8;3;13230.0
Júnior;2;técnico;10;2;5517.72
Sênior;13;graduação;6;6;18140.03
Júnior;2;pós-graduação;6;3;6011.6
Sênior;25;mestrado;9;4;22429.93
Júnior;0;pós-graduação;5;4;6933.6
Pleno;10;graduação;7;5;9840.25
Sênior;23;doutorado;7;6;21903.57
Júnior;2;graduação;9;0;4943.14
Pleno;7;pós-graduação;8;1;11219.36
Sênior;14;doutorado;8;4;19573.1
Júnior;0;graduação;6;2;4917.93
Júnior;2;graduação;9;0;5868.69
Pleno;9;pós-graduação;10;4;13760.07
Júnior;1;pós-graduação;8;4;7481.84
Júnior;3;pós-graduação;7;3;7004.84
Pleno;8;pós-graduação;5;2;11151.39
Pleno;9;técnico;6;2;9327.23
Júnior;1;técnico;7;2;3927.95
Júnior;1;mestrado;6;1;5948.78
Sênior;15;doutorado;7;6;20651.44
Pleno;9;mestrado;10;4;13521.95
Sênior;24;técnico;9;7;19722.51
Pleno;6;graduação;7;1;7605.36
Sênior;25;mestrado;5;5;21096.31
Pleno;7;pós-graduação;9;2;11170.01
Júnior;1;técnico;7;1;4433.28
Sênior;8;pós-graduação;4;7;17038.76
Pleno;7;técnico;8;5;9779.96
Júnior;3;graduação;9;4;5913.31
Júnior;4;técnico;3;2;2527.34
Pleno;8;técnico;6;3;9380.91
Júnior;0;técnico;7;1;3191.64
Júnior;2;pós-graduação;8;0;6806.79
Júnior;3;graduação;6;4;6628.19
Pleno;6;mestrado;6;2;10119.15
Pleno;6;graduação;8;4;10387.72
Pleno;9;graduação;6;4;11054.84
Júnior;3;graduação;8;0;6163.33
Júnior;3;graduação;5;0;3082.53
Pleno;6;graduação;5;6;8902.44
Júnior;1;graduação;8;2;4453.87
Pleno;7;pós-graduação;7;2;10916.43
Júnior;4;pós-graduação;8;1;7189.33
Júnior;3;técnico;6;3;2761.48
Júnior;3;graduação;6;3;5239.42
Pleno;3;graduação;9;0;9310.5
Júnior;4;técnico;5;4;4903.58
Sênior;12;mestrado;9;7;19702.39
Júnior;4;graduação;9;1;5944.5
Pleno;6;pós-graduação;8;1;9658.74
Pleno;10;técnico;6;5;9788.06
Júnior;4;doutorado;6;2;9236.47
Pleno;9;doutorado;7;0;13780.68
Júnior;4;graduação;5;1;5487.55
Pleno;7;mestrado;6;9;12910.1
Júnior;4;técnico;8;2;6066.44
Pleno;4;pós-graduação;8;2;9837.55
Sênior;9;mestrado;5;3;15839.18
Júnior;2;pós-graduação;8;5;7533.94
Pleno;9;pós-graduação;8;5;12038.47
Pleno;9;graduação;9;6;11797.85
Júnior;2;pós-graduação;8;2;5714.88
Pleno;7;pós-graduação;9;5;13003.56
Pleno;7;técnico;8;1;9347.35
Sênior;23;graduação;8;5;19248.4
Sênior;23;mestrado;5;6;20295.18
Júnior;0;graduação;7;4;5954.01
Pleno;7;graduação;7;4;9178.76
Pleno;6;mestrado;7;2;13082.96
Júnior;3;graduação;8;2;5420.76
Júnior;2;graduação;8;0;6404.35
Sênior;25;pós-graduação;8;1;20020.87
Júnior;2;graduação;7;3;6606.52
Pleno;8;pós-graduação;6;2;9985.59
Sênior;9;pós-graduação;9;5;17263.19
Júnior;4;graduação;8;3;6863.32
Pleno;4;pós-graduação;5;6;10463.45
Sênior;14;mestrado;7;6;20070.53
Pleno;9;pós-graduação;4;6;10608.77
Júnior;4;técnico;7;2;5059.37
Júnior;2;pós-graduação;7;2;7173.87
Sênior;16;pós-graduação;6;5;17606.32
Júnior;0;técnico;9;0;4600.78
Pleno;10;pós-graduação;5;5;11146.59
Júnior;0;graduação;8;0;4844.11
Pleno;3;graduação;10;2;9509.19
Sênior;16;mestrado;9;5;19648.2
Pleno;3;graduação;7;2;8367.51
Sênior;10;graduação;5;4;15201.45
Júnior;3;graduação;5;5;5478.09
Pleno;8;graduação;6;5;11200.92
Sênior;13;mestrado;6;4;19056.97
Pleno;9;pós-graduação;6;2;10952.99
Júnior;3;graduação;7;0;4615.8
Sênior;12;graduação;7;6;16023.18
Júnior;3;graduação;8;1;7031.67
Pleno;7;graduação;5;0;7843.08
Sênior;22;mestrado;6;5;20879.7
Júnior;0;técnico;7;2;4252.66
Júnior;1;graduação;7;3;5032.07
Júnior;1;pós-graduação;10;1;6048.46
Júnior;1;graduação;7;1;4300.57
Júnior;4;técnico;5;5;4617.45
Pleno;8;graduação;8;3;9803.35
Júnior;2;graduação;8;3;6729.4
Pleno;7;graduação;7;2;9543.61
Júnior;4;técnico;5;3;4233.34
Júnior;2;pós-graduação;10;0;6874.87
Júnior;1;graduação;5;1;4717.57
Pleno;4;graduação;8;1;8658.77
Pleno;5;graduação;7;2;9681.39
Júnior;3;graduação;8;4;5360.2
Sênior;16;pós-graduação;10;4;19919.91
Pleno;6;graduação;8;4;9993.73
Júnior;2;graduação;6;4;5366.39
Sênior;25;pós-graduação;9;5;20764.89
Júnior;4;pós-graduação;6;3;5840.5
Júnior;0;mestrado;7;2;5833.33
Pleno;3;graduação;5;3;7616.06
Júnior;1;técnico;5;3;4261.37
Júnior;4;pós-graduação;7;5;6727.11
Pleno;6;doutorado;8;2;12216.09
Júnior;4;pós-graduação;4;0;4863.65
Sênior;19;técnico;8;3;16980.62
Sênior;17;graduação;6;7;17508.15
Pleno;5;técnico;9;5;9359.77
Pleno;5;pós-graduação;6;2;10472.82
Pleno;4;pós-graduação;5;0;9674.48
Sênior;17;pós-graduação;7;4;19853.82
Júnior;1;graduação;6;2;3612.56
Júnior;1;técnico;9;1;4050.88
Pleno;3;pós-graduação;7;3;10238.94
Pleno;9;técnico;7;2;8932.18
Júnior;4;graduação;8;3;6902.55
Pleno;6;pós-graduação;5;4;10244.98
Júnior;2;graduação;5;3;6005.44
Sênior;24;pós-graduação;8;5;21429.9
Júnior;2;pós-graduação;5;2;6442.71
Júnior;3;graduação;5;2;4661.69
Júnior;2;técnico;8;0;4331.78
Júnior;2;técnico;8;2;4586.32
Júnior;2;graduação;5;3;3845.88
Júnior;3;técnico;6;4;5880.24
Júnior;3;técnico;6;2;4971.77
Júnior;2;técnico;10;0;4758.48
Júnior;0;técnico;8;0;4813.21
Júnior;4;graduação;6;1;4858.74
Júnior;4;graduação;8;2;4813.31
Júnior;0;técnico;5;1;3905.16
Júnior;1;graduação;6;0;3455.01
Júnior;4;técnico;7;0;4462.96
Júnior;1;graduação;8;0;5094.29
Pleno;9;graduação;7;0;9919.83
Sênior;22;mestrado;7;5;21693.88
Sênior;23;doutorado;7;9;24056.6
Pleno;3;graduação;7;6;9734.92
Pleno;6;técnico;7;1;7746.47
Júnior;2;técnico;6;2;4405.97
Pleno;9;graduação;7;0;8596.12
Pleno;4;pós-graduação;8;1;10993.5
Sênior;13;graduação;7;3;15268.2
Sênior;11;doutorado;5;5;19007.49
Pleno;9;pós-graduação;6;3;10026.79
Pleno;10;graduação;8;3;10288.88
Sênior;10;mestrado;9;6;18909.4
Júnior;1;técnico;7;1;3679.87
Sênior;13;mestrado;6;5;19350.97
Júnior;4;técnico;7;0;4758.83
Sênior;16;mestrado;5;3;18275.96
Pleno;5;graduação;9;0;9156.49
Júnior;1;técnico;7;3;5303.79
Pleno;7;pós-graduação;6;2;10886.21
Júnior;1;técnico;7;0;3052.86
Pleno;4;técnico;6;3;7423.54
Pleno;9;pós-graduação;9;1;11782.35
Pleno;6;graduação;7;6;10347.36
Sênior;12;mestrado;7;4;17664.73
Júnior;3;graduação;8;3;6574.39
Júnior;3;graduação;6;3;4826.39
Pleno;4;graduação;7;1;9512.68
Júnior;0;técnico;7;2;4370.61
Pleno;3;mestrado;5;4;9757.65
Júnior;3;técnico;7;2;4379.65
Júnior;3;graduação;7;2;5167.48
Pleno;9;graduação;7;1;9961.91
Sênior;19;graduação;7;6;18207.22
Júnior;2;graduação;7;1;4298.16
Sênior;18;mestrado;9;6;19924.02
Pleno;8;pós-graduação;5;5;11184.32
Júnior;1;pós-graduação;6;3;6150.37
Pleno;10;graduação;8;4;11073.88
Pleno;10;graduação;8;4;11189.51
Júnior;4;técnico;8;3;5066.76
Pleno;10;pós-graduação;10;6;13128.79
Júnior;1;graduação;8;1;6926.95
Júnior;0;graduação;9;2;6222.2
Pleno;6;graduação;7;5;9698.11
Pleno;8;pós-graduação;6;2;10133.64
Sênior;22;mestrado;7;3;18697.69
Júnior;1;pós-graduação;8;2;7098.09
Sênior;13;técnico;8;5;16700.62
Pleno;6;doutorado;8;1;12719.32
Sênior;22;graduação;7;6;18097.8
Sênior;9;pós-graduação;6;8;16141.31
Júnior;1;técnico;7;0;4161.08
Pleno;4;graduação;8;5;9637.46
Júnior;4;graduação;8;0;6184.11
Sênior;16;graduação;5;4;16660.51
Pleno;3;graduação;8;6;10326.73
Júnior;1;graduação;6;1;4808.7
Sênior;8;mestrado;8;5;18480.16
Júnior;2;graduação;7;3;4037.22
Pleno;10;pós-graduação;9;0;10635.96
Pleno;7;técnico;6;3;8394.95
Júnior;4;pós-graduação;7;2;7555.7
Pleno;8;técnico;8;6;11416.37
Sênior;23;graduação;6;3;18335.03
Júnior;1;técnico;7;1;3621.89
Pleno;10;pós-graduação;7;1;9731.52
Júnior;1;graduação;6;0;4954.49
Pleno;6;pós-graduação;6;5;10214.87
Júnior;3;graduação;9;2;8220.83
Sênior;13;pós-graduação;6;4;16632.42
Sênior;12;pós-graduação;8;4;18973.69
Júnior;0;técnico;7;0;4123.86
Júnior;0;graduação;5;1;3280.21
Pleno;7;pós-graduação;8;1;10812.5
Pleno;10;graduação;5;3;10439.97
Pleno;4;técnico;8;2;8142.32
Júnior;2;graduação;6;0;5186.59
Júnior;4;graduação;7;2;6371.17
Sênior;21;técnico;5;5;17667.44
Pleno;3;graduação;7;2;8538.47
Sênior;17;pós-graduação;8;5;18127.54
Pleno;4;graduação;6;7;9446.25
Sênior;12;mestrado;6;9;19223.25
Júnior;1;técnico;8;0;2836.76
Júnior;3;pós-graduação;8;0;6568.46
Sênior;11;graduação;3;3;14482.24
Sênior;12;pós-graduação;10;7;17792.36
Júnior;1;pós-graduação;8;1;5916.9
Júnior;1;graduação;8;2;5131.71
Pleno;8;técnico;7;7;11351.07
Pleno;6;graduação;4;3;8754.08
Júnior;1;doutorado;8;3;9975.23
Sênior;17;doutorado;6;6;21167.53
Júnior;3;técnico;8;0;3338.26
Pleno;3;pós-graduação;7;5;10620.64
Júnior;4;graduação;7;0;4939.27
Júnior;4;técnico;6;4;4865.08
Pleno;7;pós-graduação;8;2;10112.92
Júnior;2;graduação;5;1;4550.94
Pleno;8;graduação;10;1;11245.62
Júnior;2;pós-graduação;10;0;7452.92
Sênior;14;pós-graduação;9;4;19410.33
Pleno;5;pós-graduação;9;0;11459.57
Sênior;10;pós-graduação;7;5;15467.89
Júnior;4;técnico;9;1;4564.47
Júnior;1;graduação;7;3;3984.27
Júnior;1;mestrado;5;2;7092.35
Pleno;10;graduação;9;2;10414.84
Júnior;2;técnico;9;1;4557.57
Júnior;3;graduação;7;1;5198.38
Júnior;1;mestrado;5;4;7317.8
Júnior;1;pós-graduação;6;0;4310.28
Júnior;3;graduação;4;0;3368.8
Júnior;2;graduação;8;0;5200.91
Júnior;0;graduação;5;0;4639.12
Pleno;9;pós-graduação;7;4;11432.22
Júnior;2;pós-graduação;6;2;5445.84
Júnior;3;pós-graduação;5;4;4846.25
Pleno;5;graduação;7;5;10316.87
Pleno;7;técnico;6;7;8934.85
Júnior;3;graduação;8;1;4846.79
Pleno;10;graduação;5;3;8699.27
Sênior;11;graduação;6;3;14442.63
Pleno;8;graduação;3;4;8327.15
Sênior;24;mestrado;4;5;20532.81
Pleno;8;mestrado;10;4;12453.88
Júnior;0;pós-graduação;10;0;6430.0
Pleno;4;mestrado;7;4;11227.49
Pleno;4;pós-graduação;6;3;11255.39
Sênior;9;mestrado;7;5;16656.89
Pleno;9;técnico;8;2;9663.04
Júnior;4;graduação;6;4;6021.8
Pleno;7;técnico;7;7;9028.61
Júnior;2;técnico;7;0;4166.68
Pleno;9;graduação;6;4;10688.72
Pleno;6;pós-graduação;6;0;9667.54
Pleno;6;pós-graduação;7;4;11669.12
Sênior;18;doutorado;6;2;19175.62
Pleno;5;doutorado;8;2;12460.44
Pleno;3;mestrado;6;1;11282.54
Pleno;7;técnico;7;3;9588.42
Sênior;22;mestrado;9;7;22478.36
Sênior;9;mestrado;7;2;18113.25
Júnior;1;pós-graduação;8;1;4808.41
Pleno;5;graduação;4;2;8706.93
Júnior;4;técnico;6;4;5845.06
Sênior;17;doutorado;7;6;21088.91
Pleno;7;graduação;10;1;12090.47
Pleno;8;graduação;4;2;9037.44
Júnior;1;graduação;7;4;3915.06
Júnior;3;técnico;9;3;5816.89
Pleno;3;técnico;6;1;6746.1
Júnior;0;doutorado;7;1;9115.5
Júnior;4;pós-graduação;7;1;6983.56
Sênior;19;doutorado;7;4;21231.45
Pleno;4;graduação;9;0;10051.72
Júnior;2;técnico;8;0;5057.62
Júnior;0;graduação;9;4;5220.46
Sênior;20;pós-graduação;6;4;18793.57
Pleno;9;técnico;6;3;9511.84
Pleno;5;pós-graduação;7;3;9995.02
Júnior;1;doutorado;5;5;8515.92
Júnior;1;graduação;8;2;5375.71
Júnior;1;graduação;6;3;4203.94
Pleno;5;graduação;6;2;7187.06
Júnior;1;técnico;8;1;4517.39
Júnior;2;técnico;5;2;2507.77
Pleno;9;graduação;8;2;9654.87
Sênior;21;pós-graduação;6;5;18109.89
Pleno;5;graduação;9;5;9096.09
Pleno;10;pós-graduação;6;2;11298.45
Pleno;4;graduação;8;3;9144.38
Pleno;10;técnico;7;4;9719.12
Júnior;1;técnico;8;0;3228.87
Pleno;7;técnico;7;5;8890.91
Pleno;4;pós-graduação;5;3;9663.52
Pleno;9;pós-graduação;9;3;11813.54
Sênior;13;mestrado;7;1;18625.87
Sênior;23;pós-graduação;8;4;20925.56
Júnior;0;graduação;8;2;4923.45
Júnior;2;técnico;6;5;3503.43
Júnior;0;graduação;6;3;4170.35
Júnior;4;graduação;8;4;6431.62
Júnior;2;pós-graduação;7;0;5356.46
Júnior;3;graduação;8;1;4911.76
Pleno;10;graduação;7;5;10948.83
Pleno;7;graduação;9;1;11651.21
Sênior;9;graduação;8;7;16008.27
Júnior;1;pós-graduação;7;3;6248.04
Júnior;1;técnico;6;2;3031.57
Pleno;10;técnico;7;2;10370.38
Júnior;4;técnico;9;0;5812.32
Júnior;2;pós-graduação;7;5;7464.01
Sênior;24;pós-graduação;8;6;21851.86
Júnior;1;graduação;7;2;4750.86
Júnior;3;graduação;7;1;5138.31
Pleno;6;técnico;10;3;10796.91
Pleno;4;mestrado;9;3;12242.91
Pleno;5;graduação;7;4;7896.54
Júnior;2;técnico;7;3;5018.37
Sênior;14;pós-graduação;6;4;16992.81
Júnior;1;técnico;7;0;4478.72
Pleno;5;técnico;7;3;8735.73
Pleno;4;pós-graduação;8;0;8481.62
Sênior;25;pós-graduação;8;4;20938.18
Júnior;1;técnico;5;1;3597.44
Pleno;3;graduação;8;4;9504.42
Júnior;2;graduação;7;5;6302.87
Júnior;4;técnico;6;0;5347.18
Júnior;1;técnico;9;6;5939.72
Pleno;9;pós-graduação;9;3;11866.03
Júnior;3;graduação;7;2;6353.58
Pleno;8;doutorado;8;0;14969.92
Júnior;1;graduação;8;3;6190.55
Sênior;8;graduação;9;5;16144.34
Sênior;14;pós-graduação;8;5;18502.77
Júnior;4;graduação;5;0;4979.23
Júnior;3;técnico;10;2;5662.96
Júnior;3;graduação;9;3;7865.62
Sênior;23;graduação;6;5;18325.66
Júnior;1;pós-graduação;5;4;6658.43
Pleno;5;pós-graduação;8;5;10861.9
Pleno;10;graduação;7;2;9263.71
Pleno;7;mestrado;7;6;12418.18
Pleno;5;doutorado;8;3;12867.26
Pleno;5;técnico;6;3;8554.3
Sênior;23;pós-graduação;5;5;19613.91
Júnior;0;graduação;8;2;4384.58
Sênior;9;graduação;6;0;15379.71
Júnior;3;graduação;7;1;6113.09
Pleno;3;graduação;5;1;8860.24
Sênior;11;doutorado;7;8;20615.88
Pleno;10;graduação;8;6;11374.99
Pleno;6;pós-graduação;8;5;11692.49
Júnior;3;graduação;6;1;4645.77
Pleno;6;técnico;5;1;7791.04
Júnior;0;pós-graduação;7;0;5277.03
Pleno;4;técnico;8;6;8077.28
Pleno;9;técnico;8;2;9639.22
Júnior;0;graduação;6;0;3791.32
Júnior;2;graduação;7;3;5330.21
Júnior;1;graduação;9;4;6304.65
Júnior;1;técnico;7;4;5540.77
Júnior;4;graduação;5;3;4805.86
Sênior;18;graduação;7;7;18064.41
Pleno;7;técnico;10;3;9314.44
Júnior;1;graduação;5;0;3468.87
Pleno;6;técnico;7;3;8283.8
Sênior;20;graduação;7;6;18462.48
Júnior;0;graduação;7;1;5010.11
Júnior;1;graduação;7;1;5074.31
Júnior;3;técnico;9;0;4210.2
Júnior;3;graduação;7;0;6055.91
Pleno;3;graduação;9;6;10611.09
Sênior;22;doutorado;7;8;22569.17
Júnior;2;técnico;6;1;4856.88
Pleno;4;graduação;6;4;9128.86
Júnior;3;graduação;4;0;4140.48
Pleno;10;graduação;7;4;10950.66
Pleno;6;graduação;10;6;10981.96
Júnior;1;técnico;8;0;4531.56
Júnior;1;graduação;8;2;5481.12
Pleno;7;pós-graduação;6;4;10413.8
Sênior;8;mestrado;7;6;16381.92
Júnior;2;pós-graduação;8;4;7369.03
Júnior;0;graduação;10;5;6038.44
Júnior;0;pós-graduação;9;1;6744.56
Pleno;6;pós-graduação;8;4;11337.17
Pleno;8;pós-graduação;7;3;10756.64
Pleno;10;pós-graduação;7;2;12016.09
Pleno;3;graduação;6;3;8593.39
Sênior;12;graduação;5;6;16114.55
Sênior;15;pós-graduação;5;5;17453.32
Júnior;2;técnico;7;0;5278.49
Pleno;10;graduação;7;2;9800.71
Júnior;3;técnico;5;1;3724.13
Júnior;2;técnico;7;0;3233.87
Sênior;9;doutorado;7;6;20058.71
Pleno;3;pós-graduação;5;4;8942.5
Sênior;10;pós-graduação;6;7;16670.98
Pleno;8;graduação;7;1;9238.14
Pleno;5;pós-graduação;6;2;9793.91
Pleno;4;mestrado;8;6;11224.47
Júnior;3;graduação;4;1;2879.73
Júnior;4;graduação;4;2;5220.39
Pleno;6;graduação;7;3;8020.51
Júnior;4;graduação;7;4;6797.9
Sênior;21;mestrado;8;7;22640.97
Júnior;3;doutorado;6;4;9235.04
Júnior;4;graduação;6;2;6409.65
Pleno;4;graduação;7;1;8583.02
Júnior;3;graduação;6;5;6969.47
Sênior;25;pós-graduação;9;7;21330.65
Pleno;10;doutorado;7;2;12344.58
Júnior;2;graduação;7;4;5644.06
Pleno;9;graduação;10;2;12145.57
Pleno;10;graduação;7;6;11474.48
Pleno;9;graduação;8;6;10789.27
Sênior;24;técnico;8;3;18730.23
Pleno;9;graduação;8;4;11429.79
Pleno;6;pós-graduação;7;4;10640.07
Júnior;3;graduação;7;6;8188.47
Pleno;6;graduação;7;2;8937.81
Sênior;22;mestrado;6;8;22101.76
Pleno;9;pós-graduação;7;3;11783.36
Pleno;10;graduação;10;1;10510.12
Pleno;7;pós-graduação;9;3;11052.89
Pleno;6;pós-graduação;7;3;11212.67
Sênior;10;mestrado;8;3;18101.35
Júnior;3;técnico;6;2;4686.65
Júnior;2;técnico;7;3;3554.82
Pleno;7;graduação;8;3;10509.2
Pleno;8;técnico;9;2;9801.11
Pleno;9;graduação;6;3;9905.26
Júnior;0;pós-graduação;6;1;5552.62
Pleno;6;técnico;10;3;9313.55
Pleno;8;graduação;7;5;9985.67
Pleno;9;doutorado;10;3;14680.68
Pleno;9;graduação;7;0;9325.06
Pleno;9;graduação;7;2;11576.37
Pleno;9;pós-graduação;7;3;11888.31
Pleno;10;graduação;8;5;10522.07
Pleno;7;técnico;9;5;11375.41
Pleno;4;pós-graduação;5;6;9697.0
Pleno;7;graduação;6;3;9470.62
Júnior;3;técnico;8;3;5878.19
Júnior;0;técnico;7;0;2221.01
Pleno;9;pós-graduação;6;4;10984.08
Sênior;17;técnico;9;3;16648.67
Pleno;10;pós-graduação;9;3;12243.56
Júnior;1;graduação;6;7;6009.03
Pleno;10;pós-graduação;7;4;11645.92
Júnior;2;técnico;5;0;3413.45
Pleno;7;graduação;6;4;10395.59
Sênior;19;pós-graduação;7;4;19161.04
Pleno;7;pós-graduação;7;1;10379.0
Pleno;10;graduação;6;7;11103.51
Júnior;0;graduação;6;3;5985.12
Pleno;8;graduação;5;4;9720.87
Sênior;25;graduação;8;4;19389.89
Pleno;4;pós-graduação;4;2;7563.7
Pleno;5;técnico;5;6;7446.24
Júnior;2;graduação;4;2;4073.08
Júnior;3;técnico;8;0;4574.14
Júnior;4;graduação;4;6;5311.06
Júnior;3;graduação;7;2;5795.8
Júnior;3;graduação;9;2;5752.04
Sênior;15;pós-graduação;10;7;18809.86
Pleno;8;mestrado;4;4;11928.85
Júnior;1;graduação;7;3;6208.58
Júnior;2;pós-graduação;6;1;5024.98
Júnior;0;técnico;5;0;3170.6
Sênior;8;pós-graduação;7;6;15266.5
Júnior;4;técnico;9;4;4967.82
Pleno;9;graduação;8;2;9937.86
Sênior;17;mestrado;6;4;20144.44
Júnior;0;pós-graduação;8;4;5954.91
Pleno;3;pós-graduação;4;2;8078.73
Sênior;10;pós-graduação;6;4;16425.26
Pleno;8;graduação;6;2;9525.96
Júnior;1;técnico;7;1;3500.41
Sênior;12;mestrado;7;2;19390.36
Sênior;23;graduação;7;4;18764.25
Pleno;10;técnico;7;3;9779.51
Pleno;9;mestrado;7;3;12168.75
Júnior;1;mestrado;8;4;8257.98
Sênior;18;pós-graduação;7;8;20364.47
Pleno;4;graduação;7;6;10764.56
